"merged_data.name","energy_consumption_btu","coal_reserves","coal_production","coal_consumption","coal_imports","coal_yearly_deficit.surplus","gas_reserves","gas_production","gas_consumption","gas_imports","gas_exports","gas_yearly_deficit.surplus","oil_production","oil_consumption","oil_exports","oil_daily_deficit.surplus","GDP","Population","Energy_consumption_nuclear","Energy_production_petroleum","LOF_Score","Anomaly"
"Kiribati",0,0.0503740834858632,0.024637979882799,0.0222332143707253,0.0582446778238702,1.17553161219767,0.0462440044946669,0.0519721298863016,0.0514797563676186,0.0995691126895351,0.0605315296433281,0.771405267429601,0.0737832424403355,0,0.0663776481695919,0.928471088569228,0,0.000117723259223903,0.0281103454975544,0.0825121570873975,0.977706513096084,"Anomaly"
"Tonga",2.53934232269697e-05,0.0503740834858632,0.024637979882799,0.0222332143707253,0.0582446778238702,1.17553161219767,0.0462440044946669,0.0519721298863016,0.0514797563676186,0.0995691126895351,0.0605315296433281,0.771405267429601,0.0737832424403355,5.06936419150473e-05,0.0663776481695919,0.928412338600207,3.51958794092723e-05,0.000101483228459167,0.0281103454975544,0.0825121570873975,0.974711500134972,"Anomaly"
"British Virgin Islands",4.83364366322593e-05,0.0503740834858632,0.024637979882799,0.0222332143707253,0.0582446778238702,1.17553161219767,0.0462440044946669,0.0519721298863016,0.0514797563676186,0.0995691126895351,0.0605315296433281,0.771405267429601,0.0737832424403355,8.53359903980756e-05,0.0663776481695919,0.928372190825786,0.000120428898593045,0,0.0281103454975544,0.0825121570873975,0.974711500134972,"Anomaly"
"Comoros",5.48260865276938e-05,0.0503740834858632,0.024637979882799,0.0222332143707253,0.0582446778238702,1.17553161219767,0.0462440044946669,0.0519721298863016,0.0514797563676186,0.0995691126895351,0.0605315296433281,0.771405267429601,0.0737832424403355,9.14314182836525e-05,0.0663776481695919,0.928365126701255,0.000205377003733695,0.00108319930825498,0.0281103454975544,0.0825121570873975,1.02030997138118,"Anomaly"
"Vanuatu",4.34602331360106e-05,0.0503740834858632,0.024637979882799,0.0222332143707253,0.0582446778238702,1.17553161219767,0.0462440044946669,0.0519721298863016,0.0514797563676186,0.0995691126895351,0.0605315296433281,0.771405267429601,0.0737832424403355,7.11133253317297e-05,0.0663776481695919,0.928388673783027,4.9752748701354e-05,0.000351958278162189,0.0281103454975544,0.0825121570873975,0.980478437430634,"Anomaly"
"Dominica",5.62919369891614e-05,0.0503740834858632,0.024637979882799,0.0222332143707253,0.0582446778238702,1.17553161219767,0.0462440044946669,0.0519721298863016,0.0514797563676186,0.0995691126895351,0.0605315296433281,0.771405267429601,0.0737832424403355,9.15330087484121e-05,0.0663776481695919,0.928365008965846,6.27423815682691e-05,5.9305516246712e-05,0.0281103454975544,0.0825121570873975,0.974711500134972,"Anomaly"
"Chad",6.97036561047415e-05,0.0503740834858632,0.024637979882799,0.0222332143707253,0.0582446778238702,1.17553161219767,0.0462440044946669,1.50085641479855e-05,0,0.0995691126895351,0.0605315296433281,0.771405267429601,0.0154091263219472,0.000192920292578507,0.0264750143041111,0.941669345637782,0.00251465866618244,0.0205436742586843,0.0281103454975544,0.0202828766281819,1.00706355685074,"Anomaly"
"Grenada",6.19045194755071e-05,0.0503740834858632,0.024637979882799,0.0222332143707253,0.0582446778238702,1.17553161219767,0.0462440044946669,0.0519721298863016,0.0514797563676186,0.0995691126895351,0.0605315296433281,0.771405267429601,0.0737832424403355,0.000162544743615382,0.0663776481695919,0.928282711915053,0.000145970752238645,0.000114375731991061,0.0281103454975544,0.0825121570873975,0.976470463565699,"Anomaly"
"Solomon Islands",6.81290590906278e-05,0.0503740834858632,0.024637979882799,0.0222332143707253,0.0582446778238702,1.17553161219767,0.0462440044946669,0.0519721298863016,0.0514797563676186,0.0995691126895351,0.0605315296433281,0.771405267429601,0.0737832424403355,0.000121908557711537,0.0663776481695919,0.928329806078597,0.000123741390423332,0.000834171837895895,0.0281103454975544,0.0825121570873975,0.983692007156632,"Anomaly"
"Saint Lucia",0.000100153440722431,0.0503740834858632,0.024637979882799,0.0222332143707253,0.0582446778238702,1.17553161219767,0.0462440044946669,0.0519721298863016,0.0514797563676186,0.0995691126895351,0.0605315296433281,0.771405267429601,0.0737832424403355,0.000274192664386198,0.0663776481695919,0.928153320700716,0.000240229814838473,0.00021299914305494,0.0281103454975544,0.0825121570873975,0.986180235639946,"Anomaly"
"Samoa",8.11389596220769e-05,0.0503740834858632,0.024637979882799,0.0222332143707253,0.0582446778238702,1.17553161219767,0.0462440044946669,0.0519721298863016,0.0514797563676186,0.0995691126895351,0.0605315296433281,0.771405267429601,0.0737832424403355,0.000203180929519228,0.0663776481695919,0.928235617751509,8.90109542930237e-05,0.000233443373984573,0.0281103454975544,0.0825121570873975,0.982462170647461,"Anomaly"
"Bermuda",0.00016159700229377,0.0503740834858632,0.024637979882799,0.0222332143707253,0.0582446778238702,1.17553161219767,0.0462440044946669,0.0519721298863016,0.0514797563676186,0.0995691126895351,0.0605315296433281,0.771405267429601,0.0737832424403355,0.000467316137894224,0.0663776481695919,0.927929505688475,0.000632165479864385,4.81427569386806e-05,0.0281103454975544,0.0825121570873975,0.997719223658801,"Anomaly"
"Cayman Islands",0.00013653381326062,0.0503740834858632,0.024637979882799,0.0222332143707253,0.0582446778238702,1.17553161219767,0.0462440044946669,0.0519721298863016,0.0514797563676186,0.0995691126895351,0.0605315296433281,0.771405267429601,0.0737832424403355,0.000406463449503215,0.0663776481695919,0.928000029198382,0.00033426609222837,4.68848896532991e-05,0.0281103454975544,0.0825121570873975,0.982471888852511,"Anomaly"
"Timor-Leste",0.000123569597529434,0.0503740834858632,0.024637979882799,0.0222332143707253,0.0582446778238702,1.17553161219767,0.0462440044946669,0.0211302961812531,0.0255106675884766,0.129812977594822,0.0829997006503109,0.771405267429601,0.0066798940016013,0.000315032031219563,0.000572709883172638,0.933903047127777,0.000354346047440828,0.00168215363927897,0.0281103454975544,0.00455855497200457,1.00484719918679,"Anomaly"
"Djibouti",0.000174584435363474,0.0503740834858632,0.024637979882799,0.0222332143707253,0.0582446778238702,1.17553161219767,0.0462440044946669,0.0519721298863016,0.0514797563676186,0.0995691126895351,0.0605315296433281,0.771405267429601,0.0737832424403355,0.000605479169967299,0.0663776481695919,0.927769385532426,0.00047442099995387,0.00127150054240579,0.0281103454975544,0.0825121570873975,1.02329761815001,"Anomaly"
"Belize",0.000182874323077856,0.0503740834858632,0.024637979882799,0.0222332143707253,0.0582446778238702,1.17553161219767,0.0462440044946669,0.0519721298863016,0.0514797563676186,0.0995691126895351,0.0605315296433281,0.771405267429601,0.000312711450900259,0.000365827263599369,0.000553346834741563,0.928282594179644,0.000251205908702393,0.000479290128011781,0.0281103454975544,0.000276876028144335,1.0550273331508,"Anomaly"
"Cabo Verde",0.00018191116404706,0.0503740834858632,0.024637979882799,0.0222332143707253,0.0582446778238702,1.17553161219767,0.0462440044946669,0.0519721298863016,0.0514797563676186,0.0995691126895351,0.0605315296433281,0.771405267429601,0.0737832424403355,0.000528270416749992,0.0663776481695919,0.927858864443159,0.000322215818032999,0.000709349219819232,0.0281103454975544,0.0825121570873975,0.998414320406555,"Anomaly"
"Seychelles",0.000224932748112869,0.0503740834858632,0.024637979882799,0.0222332143707253,0.0582446778238702,1.17553161219767,0.0462440044946669,0.0519721298863016,0.0514797563676186,0.0995691126895351,0.0605315296433281,0.771405267429601,0.0737832424403355,0.000700872616376576,0.0663776481695919,0.927658831983507,0.000223389867817578,9.38043148177038e-05,0.0281103454975544,0.0825121570873975,0.999665213281491,"Anomaly"
"Eswatini",0.000294085518783631,0.00124022717465122,8.14512479340344e-05,7.40115245025296e-05,0.00089927213344958,1.18003274379659,0.0462440044946669,0.0519721298863016,0.0514797563676186,0.0995691126895351,0.0605315296433281,0.771405267429601,0.000147594413248182,0.000497793277322108,0.0663776481695919,0.927985430007683,0.00100636932487171,0.0015332961149469,0.0281103454975544,0.0825121570873975,1.01450002339647,"Anomaly"
"Maldives",0.000355590555829566,0.0503740834858632,0.024637979882799,0.0222332143707253,0.0582446778238702,1.17553161219767,0.0462440044946669,0.0519721298863016,0.0514797563676186,0.0995691126895351,0.0605315296433281,0.771405267429601,0.0737832424403355,0.00107685892645191,0.0663776481695919,0.927223093235318,0.000826085884919877,0.000630700707319569,0.0281103454975544,0.0825121570873975,1.10669011525473,"Anomaly"
"Aruba",0.000253230645967667,0.0503740834858632,0.024637979882799,0.0222332143707253,0.0582446778238702,1.17553161219767,0.0462440044946669,0.0519721298863016,0.0514797563676186,0.0995691126895351,0.0605315296433281,0.771405267429601,0.0737832424403355,0.000772087532173065,0.0663776481695919,0.927576299461896,0.00030605499982341,0.000106744840097951,0.0281103454975544,0.0825121570873975,1.02650806774447,"Anomaly"
"Guadeloupe",0.000404492471651444,0.0503740834858632,0.024637979882799,0.0222332143707253,0.0582446778238702,1.17553161219767,0.0462440044946669,0.0519721298863016,0.0514797563676186,0.0995691126895351,0.0605315296433281,0.771405267429601,0.0737832424403355,0.00128003985597113,0.0663776481695919,0.926987622417599,0.00105359560561725,0.0005236236590714,0.0281103454975544,0.0825121570873975,1.26367836964726,"Anomaly"
"Malawi",0.000451977120374255,8.67291730525331e-06,1.30793608783197e-05,3.97757197840033e-05,0.000261497123810249,1.17993086584028,0.0462440044946669,0.0519721298863016,0.0514797563676186,0.0995691126895351,0.0605315296433281,0.771405267429601,0.000112818743277378,0.000569008193118597,0.0663776481695919,0.927872521750587,0.00256455000192753,0.0242806625357196,0.0281103454975544,0.0825121570873975,1.01594606648933,"Anomaly"
"Barbados",0.000356444694314281,0.0503740834858632,0.024637979882799,0.0222332143707253,0.0582446778238702,1.17553161219767,0,3.15969771536538e-05,2.00414741054795e-05,0.0995691126895351,0.0605315296433281,0.771405267429601,0.000177922032408768,0.00107696051691667,0.000174812873863648,0.927340710908769,0.000452117376401914,0.000362521083687442,0.0281103454975544,0.000166458607177765,1.00550209863549,"Anomaly"
"Guyana",0.00043434838270713,0.0503740834858632,0.024637979882799,0.0222332143707253,0.0582446778238702,1.17553161219767,0.0462440044946669,0.0519721298863016,0.0514797563676186,0.0995691126895351,0.0605315296433281,0.771405267429601,0.0737832424403355,0.00138163032073075,0.0663776481695919,0.92686988700874,0.000910784010411825,0.00104894087288306,0.0281103454975544,0.0825121570873975,1.35136101649808,"Anomaly"
"Niger",0.000494113705642041,4.33645865262665e-05,0.000134365218174382,0.000120949410930602,0.0582446778238702,1.18002641910011,0.0462440044946669,0.0519721298863016,0.0514797563676186,0.0995691126895351,0.0605315296433281,0.771405267429601,0.00186238539529693,0.00117844939121152,0.0663776481695919,0.928694432639835,0.00251040169057484,0.0293466247788002,0.0281103454975544,0.00219731241898396,1.15733907747888,"Anomaly"
"Suriname",0.000556738654805533,0.0503740834858632,0.024637979882799,0.0222332143707253,0.0582446778238702,1.17553161219767,0.0462440044946669,0.0519721298863016,0.0514797563676186,0.0995691126895351,0.0605315296433281,0.771405267429601,0.00225381386659622,0.00128003985597113,0.0663776481695919,0.928918600858303,0.000871496413907484,0.000757050069235536,0.0281103454975544,0.00288276898345708,1.04980864315115,"Anomaly"
"Montenegro",0.000626502430838398,0.00122288134004072,0.000818676300617896,0.000694569513419378,5.3358502665155e-05,1.18008382550958,0.0462440044946669,0.0519721298863016,0.0514797563676186,0.0995691126895351,0.0605315296433281,0.771405267429601,0.0737832424403355,0.000670497067413451,0.0663776481695919,0.927694034870756,0.00107160669160322,0.000845244971685952,0.0281103454975544,0.0825121570873975,1.04779835285028,"Anomaly"
"Mauritania",0.000567207655577913,0.0503740834858632,0.024637979882799,0.0222332143707253,0.0582446778238702,1.17553161219767,0.00117875422855867,0.0519721298863016,0.0514797563676186,0.0995691126895351,0.0605315296433281,0.771405267429601,0.000694974241742126,0.00168640171500959,0.00170449369991857,0.927086049219406,0.00177766845669175,0.00584916062786761,0.0281103454975544,0.000806547795935564,1.00464558169919,"Anomaly"
"Gabon",0.000985446377909489,0.0503740834858632,0.024637979882799,0.0222332143707253,0.0582446778238702,1.17553161219767,0.00117875422855867,0.0055255821431628,0.000954062261812495,0.0995691126895351,0.0605315296433281,0.758112160578147,0.0284066003682447,0.00209276357404805,0.0559665733785901,0.950820565762202,0.00303483598287228,0.00279694523579391,0.0281103454975544,0.0353940854226776,1.16623883464418,"Anomaly"
"Estonia",0.00126526520269181,0.0503740834858632,0.024637979882799,9.14877666796667e-06,0.000139419229858495,1.17996703947792,0.0462440044946669,0.0519721298863016,0.00119514724702273,0.0070423144804105,0.0605315296433281,0.741642920453759,0.00219976330978113,0.00289075667473481,0.0663776481695919,0.927004694051884,0.00411693407976533,0.00181835898086866,0.0281103454975544,0.0825121570873975,1.08856190831681,"Anomaly"
"Mauritius",0.00129829972601832,0.0503740834858632,0.024637979882799,0.00035786110550739,0.00724167231055693,1.17851422062676,0.0462440044946669,0.0519721298863016,0.0514797563676186,0.0995691126895351,0.0605315296433281,0.771405267429601,0.000112818743277378,0.00280389682736534,0.0663776481695919,0.925282460491087,0.00261358785067119,0.0017423469287952,0.0281103454975544,0.0825121570873975,1.01199276069326,"Anomaly"
"Equatorial Guinea",0.000861854284076895,0.0503740834858632,0.024637979882799,0.0222332143707253,0.0582446778238702,1.17553161219767,0.00153415751355123,0.0180187838560471,0.0030592245748115,0.0995691126895351,0.053996516796937,0.789003640305133,0.032931750725841,0.000487634230846146,0.0513409865554991,0.956633398368411,0.00265716798474152,0.0016763435307794,0.0281103454975544,0.0373290393238857,1.16809812469937,"Anomaly"
"Benin",0.00140076274393637,0.0503740834858632,0.024637979882799,4.06373094494598e-05,0.000623060073358252,1.17983585072938,4.14637165824657e-05,0.0519721298863016,0.0514797563676186,0.0995691126895351,0.0605315296433281,0.771405267429601,0.0737832424403355,0.00361662054544225,0.0663776481695919,0.924279708013831,0.0032776823210965,0.0153278649350795,0.0281103454975544,0.0825121570873975,1.31269994133412,"Anomaly"
"North Macedonia",0.0014414895608728,0.00287073562803884,0.00305056648735894,0.00277181728861494,0.00161566167242463,1.17941123194072,0.0462440044946669,0.0519721298863016,0.000129645579744603,6.25171320987002e-05,0.0605315296433281,0.744177052624797,7.54820743552348e-05,0.00209276357404805,0.0663776481695919,0.926073995644849,0.00307147525941632,0.00289995803539578,0.0281103454975544,0.0825121570873975,1.05939708328503,"Anomaly"
"Botswana",0.00138424180499279,0.000828744216230077,0.00110167591516859,0.000628225720265204,4.00064548384746e-05,1.18137229676585,0.0462440044946669,0.0519721298863016,0.0514797563676186,0.0995691126895351,0.0605315296433281,0.771405267429601,0.0737832424403355,0.00209276357404805,0,0.926045739146723,0.00344962543586529,0.00301188390898544,0.0281103454975544,0.0825121570873975,1.30160635523385,"Anomaly"
"Papua New Guinea",0.00134768516815106,0.0503740834858632,0.024637979882799,0.0222332143707253,0.0582446778238702,1.17553161219767,0.00647070914209793,0.0210229879857659,0.000233376725938898,0.0995691126895351,0.104563258573255,0.804357017214342,0.00760144925582762,0.00371831260066663,0.0663776481695919,0.930763867921357,0.00306332738718458,0.0116519040020653,0.0281103454975544,0.00895102427785515,1.02215222373827,"Anomaly"
"Cyprus",0.00168938440098653,0.0503740834858632,0.024637979882799,1.03242609025685e-07,1.58293815276434e-06,1.18000472533331,0.0462440044946669,0.0519721298863016,0.0514797563676186,0.0995691126895351,0.0605315296433281,0.771405267429601,4.44805081021919e-05,0.00524206798159607,0.0663776481695919,0.922397118826169,0.00298134661368981,0.00116689455733457,0.0281103454975544,0.0825121570873975,1.0116853244564,"Anomaly"
"Moldova",0.00184543952552113,0.0503740834858632,0.024637979882799,6.37918951230096e-05,0.000927828905595638,1.17973938319504,0.0462440044946669,1.50085641479855e-05,0.00705173581739941,0.0452373967866194,0.0605315296433281,0.727775556973495,4.07064043844302e-05,0.00178809377023396,0.0663776481695919,0.926396708400533,0.00284246670676669,0.00498134812039403,0.0281103454975544,0.0825121570873975,1.04151770432308,"Anomaly"
"Albania",0.00161219756594629,0.00451858991603697,0.024637979882799,4.43989515944539e-05,0.000633785721559269,1.17982017882974,2.84322627994051e-05,6.86626618915938e-05,6.48227898723017e-05,0.0995691126895351,0.0605315296433281,0.771405267429601,0.00311875756505611,0.00270230636260573,0.00496321293517088,0.928025813252922,0.0036080006175673,0.00403890893951599,0.0281103454975544,0.00408886742177927,0.977409864756935,"Anomaly"
"Jamaica",0.00184707339164164,0.0503740834858632,0.024637979882799,3.72543778613401e-05,0.000735505469223454,1.17984994483038,0.0462440044946669,0.0519721298863016,0.0514797563676186,0.0995691126895351,0.0605315296433281,0.771405267429601,0.000138428732790761,0.0054452489111153,0.0663776481695919,0.922243709588425,0.00267281524643433,0.00406691337975358,0.0281103454975544,0.0825121570873975,1.01289138906193,"Anomaly"
"Senegal",0.00188422257534032,0.0503740834858632,0.024637979882799,0.000207706999420065,0.00468823690584598,1.17913979849671,0.0462440044946669,0.000126630962285028,0.000134857831251889,0.0995691126895351,0.0605315296433281,0.771405267429601,3.88193525255493e-05,0.00493729658731723,0.000248174282708143,0.922745380165575,0.00479648126705223,0.021154089064065,0.0281103454975544,0.0825121570873975,1.15869250618038,"Anomaly"
"Yemen",0.00199655699992629,0.0503740834858632,0.024637979882799,6.17506544808829e-05,0.0010931004258235,1.1797478874911,0.0200151283331645,0.0270313962452036,0.00207403562794141,0.0995691126895351,0.020357305376525,0.817243831826441,0.00300310824399041,0.00605479169967299,0.00242010833489238,0.924039527779758,0.00609975382634898,0.0383648744532919,0.0281103454975544,0.00292739491782642,1.04591155937477,"Anomaly"
"Zimbabwe",0.0022843510525929,0.00434513156993191,0.00159276303742002,0.00156880338916781,1.22092090706487e-06,1.17920985815685,0.0462440044946669,0.0519721298863016,0.0514797563676186,0.0995691126895351,0.0605315296433281,0.771405267429601,0.000153525147661808,0.00239753496832689,0.0663776481695919,0.925788958220001,0.00387859574273737,0.019792459743679,0.0281103454975544,0.0825121570873975,1.01684875247828,"Anomaly"
"Nepal",0.00232427189620652,0,0,0.000131160706825985,0.00147221766259924,1.17950335956439,0.0462440044946669,0.0519721298863016,0.0514797563676186,0.0995691126895351,0.0605315296433281,0.771405267429601,0.0737832424403355,0.00432775379875955,0.0663776481695919,0.923455560151815,0.00882985583155814,0.038499454095423,0.0281103454975544,0.0825121570873975,1.06375804054504,"Anomaly"
"Lithuania",0.0021745474621124,0.0503740834858632,0.024637979882799,0.000126072651789249,0.00204321823635043,1.17947990668714,0.0462440044946669,0.0519721298863016,0.0064527673660199,0.0414834834546005,0.0605315296433281,0.729138477996447,0.00143631604344533,0.00621855552886548,0.000275718900898827,0.922481181908094,0.00897279398549785,0.00398444093939714,0.0281103454975544,0.000334493897129515,0.994639765579558,"Anomaly"
"Cameroon",0.00213072437514299,0.0503740834858632,0.024637979882799,0.0222332143707253,0.0582446778238702,1.17553161219767,0.00564498884329855,0.00548693660956718,0.00173700116780128,0.0995691126895351,0.0605315296433281,0.756139015499953,0.0125069753524069,0.00402298240448071,0.0221352369846225,0.934695641900219,0.00827639670557252,0.0337823810926573,0.0281103454975544,0.0156024628845089,1.00425464668708,"Anomaly"
"Armenia",0.00214134234182027,0.00140501260345104,0.024637979882799,6.12048112699354e-07,9.38405487871955e-06,1.18000260552806,0.0462440044946669,0.0519721298863016,0.00528882021604783,0.0338587978436398,0.0605315296433281,0.731906747637608,0.0737832424403355,0.000568906602653838,0.0663776481695919,0.927811770279615,0.00303446990388883,0.00410919570219206,0,0.0825121570873975,1.25501143736819,"Anomaly"
"Zambia",0.00256589949699124,0.000381608361431146,6.2455701098012e-05,8.50441315567094e-05,0.000327973427848985,1.179918847181,0.0462440044946669,0.0519721298863016,0.0514797563676186,0.0995691126895351,0.0605315296433281,0.771405267429601,6.60468150608305e-05,0.00219435403880766,0.0663776481695919,0.92594801875737,0.0236277933639444,0.02309072121467,0.0281103454975544,0.0825121570873975,1.01777786705751,"Anomaly"
"Luxembourg",0.00264475048163702,0.0503740834858632,0.024637979882799,4.12956546962514e-05,0.000633153965973637,1.17983310790584,0.0462440044946669,0.0519721298863016,0.00225815290653681,0.0139038101787509,0.0605315296433281,0.739114724654073,0.0737832424403355,0.0056681383907979,0.0663776481695919,0.921902159167323,0.00646658588656948,0.00078585604998876,0.0281103454975544,0.0825121570873975,1.19637518305116,"Anomaly"
"Mongolia",0.00310690674656986,0.0218470786919331,0.0211070562033046,0.00408513086923743,6.20398181845756e-06,1.23851352612532,0.0462440044946669,0.0519721298863016,0.0514797563676186,0.0995691126895351,0.0605315296433281,0.771405267429601,0.00320070953149894,0.00209276357404805,0.00592863816680475,0.928803808834665,0.00340553802091788,0.00427913077341673,0.0281103454975544,0.00401369958861135,1.09253936299373,"Anomaly"
"Tajikistan",0.0032477667719766,0.00324367107216474,0.000796678703363369,0.000699672846510365,4.18094426896053e-06,1.17998389569095,0.000231012135245166,3.64580505619082e-05,2.59144335503086e-05,0.0995691126895351,0.0605315296433281,0.771405267429601,6.64511833163049e-05,0.00209276357404805,1.8544891455114e-05,0.926066107372456,0.00280645499419429,0.0122057868758407,0.0281103454975544,2.93489939183012e-05,0.987456123412374,"Anomaly"
"Costa Rica",0.00308626350427933,0.0503740834858632,0.024637979882799,5.04638761605368e-08,7.73723132965531e-07,1.18000494522212,0.0462440044946669,0.0519721298863016,0.0514797563676186,0.0995691126895351,0.0605315296433281,0.771405267429601,0.000254886790367409,0.00554683937587492,0.0663776481695919,0.92222769757282,0.00900794802730901,0.00688446258911956,0.0281103454975544,0.0825121570873975,1.01211787636209,"Anomaly"
"Latvia",0.00270344852803548,0.0503740834858632,0.024637979882799,3.14172351949911e-05,0.000552622874748922,1.17987426376092,0.0462440044946669,0.0519721298863016,0.00340917954573026,0.0212231236444603,0.0605315296433281,0.736377184464621,0.000185874608099766,0.00378871479274504,0.0663776481695919,0.924204946029206,0.00525270981503233,0.00271529271342524,0.0281103454975544,0.0825121570873975,1.09701287425829,"Anomaly"
"Uruguay",0.00316332920537947,0.0503740834858632,0.024637979882799,2.01855504642147e-07,3.09489253186212e-06,1.18000431448844,0.0462440044946669,0.0519721298863016,0.000120102020646756,0,0.0605315296433281,0.744199750515264,0.000341960754712912,0.00534365844635569,0.0663776481695919,0.922539225464662,0.00794754272503554,0.0047990435967676,0.0281103454975544,0.0825121570873975,1.02118535711407,"Anomaly"
"Kyrgyzstan",0.00348907855927465,0.00841272978609571,0.00108800164562847,0.0011329496685973,0.00605798239278017,1.17922059413142,0.000231012135245166,5.79075369758308e-05,0.000440765606334427,0.00176057862010262,0.0605315296433281,0.743622176502463,0.000174147928691006,0.00402298240448071,3.92715348461238e-05,0.923923205195805,0.0027166401304536,0.00854548920369632,0.0281103454975544,0.000166831859829715,0.997117911324821,"Anomaly"
"Georgia",0.00355074150306392,0.00173458346105066,0.000163794589183233,0.000194198421634632,0.000809917759158111,1.17982649388198,0.000349479896909354,1.50085641479855e-05,0.00619619245027393,0.039632976344479,0.0605315296433281,0.729810335554264,9.62396448029244e-05,0.00331184915116341,0.000627253681570032,0.924679301991501,0.00482498313076405,0.00563496412182018,0.0281103454975544,6.62346374498346e-05,0.99065024432114,"Anomaly"
"Puerto Rico",0.00381358773235461,0.0503740834858632,0.024637979882799,0.000724952933610089,0.0125113940935247,1.17698482839176,0.0462440044946669,0.0519721298863016,0.00403912785818124,0.0256724198458231,0.0605315296433281,0.734878949094655,0.0737832424403355,0.00978783491772976,0.0663776481695919,0.917127752867255,0.00744771939982576,0.00459969043360228,0.0281103454975544,0.0825121570873975,1.18048763985802,"Anomaly"
"Bosnia and Herzegovina",0.00362980303003414,0.0196268118617882,0.00385317378184703,0.00438256171452825,0.010689957559618,1.17557077940924,0.0462440044946669,0.0519721298863016,0.000492594473435044,0.00244009175591388,0.0605315296433281,0.743313834390429,7.65603897031667e-05,0.00351503008068264,0.0663776481695919,0.924426641804088,0.00444737788903045,0.00474549447025574,0.0281103454975544,0.0825121570873975,1.05568909069068,"Anomaly"
"Ghana",0.00394663029241332,0.0503740834858632,0.024637979882799,7.40754145475769e-09,1.135740378665e-07,1.18000512460509,0.000941818705230292,0.00274024784365062,0.00327689113423548,0.00853455033350486,0.0605315296433281,0.744584392459097,0.0134026510382829,0.00889932471294217,0.0200865719168163,0.929826694066836,0.0156434538438079,0.040222059378185,0.0281103454975544,0.0166475936820824,1.00258670863728,"Anomaly"
"Kenya",0.00464652056719938,0.0503740834858632,0.024637979882799,0.000248781353815355,0.00381436986499167,1.17896867292578,0.0462440044946669,0.0519721298863016,0.0514797563676186,0.0995691126895351,0.0605315296433281,0.771405267429601,0.000154199094754265,0.0115406767966921,0.0663776481695919,0.915193360099694,0.0192015846719932,0.069300267039867,0.0281103454975544,0.0825121570873975,1.0722971909355,"Anomaly"
"Guatemala",0.00456302755692082,0.0503740834858632,0.024637979882799,0.000810926711619371,0.0171556068629426,1.17662664109792,0.0462440044946669,0.0519721298863016,0.0514797563676186,0.0995691126895351,0.0605315296433281,0.771405267429601,0.00166505368662539,0.00940727703674024,0.0024803792321215,0.918985499883648,0.013677609702657,0.0234012298112469,0.0281103454975544,0.00165704342332196,1.01587413200783,"Anomaly"
"Slovenia",0.00409355999346105,0.00320897940294372,0.00197861712785256,0.00191835971476174,0.00303591211432258,1.17913341979246,0.0462440044946669,0,0.00208959897047021,0.0128506369533959,0.0605315296433281,0.739534111830237,4.38065610097345e-05,0.00527234194009444,0.0663776481695919,0.922361444997284,0.00702946893152918,0.00287896530760536,0.00684767362494794,0,1.02419191868533,"Anomaly"
"Croatia",0.00505645512531649,0.0503740834858632,0.024637979882799,0.000546133031006875,0.00852209891508649,1.17772983481677,0.00103659291456164,0.00391832898414108,0.00529917130706934,0.0172494385480637,0.00393688346901258,0.743159663334413,0.00254051095972762,0.00696910588250951,0.0663776481695919,0.922575841176817,0.010456292458049,0.00585043998265888,0.0281103454975544,0.00237826555395188,1.01625479498498,"Anomaly"
"Dominican Republic",0.0049090509830034,0.0503740834858632,0.024637979882799,0.000562621755313824,0.0087870316535422,1.17766113885301,0.0462440044946669,0.0519721298863016,0.00284662344290869,0.0178606637395825,0.0605315296433281,0.73771513780806,2.74970413722641e-05,0.0134708956271248,0.0663776481695919,0.912845716047036,0.0168845661917141,0.0146572285671485,0.0281103454975544,0.0825121570873975,1.06854917543597,"Anomaly"
"North Korea",0.00476305141756709,0.00519507746584673,0.0184538185858705,0.00495742211723936,0.0122915147562151,1.22539080321738,0.0462440044946669,0.0519721298863016,0.0514797563676186,0.0995691126895351,0.0605315296433281,0.771405267429601,6.15987642506113e-05,0.0017879921797692,0.0663776481695919,0.926415075124315,0.00483773313878779,0.0357347754597514,0.0281103454975544,0.0825121570873975,1.03255855294123,"Anomaly"
"Sudan",0.00531054221708202,0.0503740834858632,0.024637979882799,0.0222332143707253,0.0582446778238702,1.17553161219767,0.00354810946184242,0.0519721298863016,0.0514797563676186,0.0995691126895351,0.0605315296433281,0.771405267429601,0.01458057576648,0.0141820288804421,0.00608545158719726,0.924733342544167,0.0184575552866206,0.0562888471267117,0.0281103454975544,0.0152018882319245,1.05271024646051,"Anomaly"
"Syria",0.00568986594012394,0.0503740834858632,0.024637979882799,2.55791665859602e-06,3.92185349507758e-05,1.17999449857493,0.0100638363533727,0.0132978916522032,0.0111220637726313,0.0995691126895351,0.0605315296433281,0.756262457104261,0.00470711607255984,0.0141820288804421,0.0663776481695919,0.916109106109803,0.00526607692762818,0.024648777439196,0.0281103454975544,0.00601360459312364,0.97487585002407,"Anomaly"
"Sri Lanka",0.00552852130020536,0.0503740834858632,0.024637979882799,0.00106252293118753,0.0183194781111117,1.17557843115396,0.0462440044946669,0.0519721298863016,0.0514797563676186,0.0995691126895351,0.0605315296433281,0.771405267429601,0,0.0128613528385671,0.0663776481695919,0.913528110476786,0.0264645394067336,0.029675157434591,0.0281103454975544,0.0825121570873975,1.01997679858929,"Anomaly"
"Panama",0.00633448452853126,0.0503740834858632,0.024637979882799,0.000153100918672296,0.00239005915123999,1.17936730047166,0.0462440044946669,0.0519721298863016,0.0514797563676186,0.0995691126895351,0.0605315296433281,0.771405267429601,0.000103248694564482,0.0157058858518363,0.0663776481695919,0.910321704351907,0.0110077433793254,0.00566551313512327,0.0281103454975544,0.0825121570873975,1.00926107726324,"Anomaly"
"Paraguay",0.00747916132648353,0.0503740834858632,0.024637979882799,7.77328881408635e-07,1.19181755986158e-05,1.1800019169289,0.0462440044946669,0.0519721298863016,0.0514797563676186,0.0995691126895351,0.0605315296433281,0.771405267429601,0.000605743646700759,0.00514047751683646,0.0663776481695919,0.923005104477519,0.00835660984054717,0.00954006385938316,0.0281103454975544,0.0825121570873975,1.01211787636209,"Anomaly"
"Jordan",0.00621565069123111,0.0503740834858632,0.024637979882799,0.000112273790973058,0.00159523964074076,1.17953739603713,0.00024641294426151,0.000317610383811823,0.00748471975246944,0.0456788639194395,0.0605315296433281,0.727615274946968,9.74527495693478e-05,0.0115406767966921,0.0663776481695919,0.915143793492564,0.00932158358153381,0.0134649405842719,0.0281103454975544,2.90624440165819e-06,0.993312245153177,"Anomaly"
"Tunisia",0.00588972396263794,0.0503740834858632,0.024637979882799,1.04538928780268e-06,1.60281360939098e-05,1.18000080012522,0.00271883513019311,0.00530458559334004,0.0117572243365896,0.0494832718581534,0.0605315296433281,0.731783480632458,0.005654955263392,0.0098136388957787,0.00940253268673478,0.921999644085859,0.0120500225422181,0.0159382797404602,0.0281103454975544,0.00664070722285169,0.991813474477897,"Anomaly"
"Cuba",0.0057891481826651,0.0503740834858632,0.024637979882799,9.56035819004664e-07,1.46581492621451e-05,1.18000117239311,0.00295577065352148,0.00293341474821113,0.00321478458810641,0.0995691126895351,0.0605315296433281,0.745286979468623,0.00674715392142855,0.0155027049223171,0.0663776481695919,0.916360471207718,0.0149727971461192,0.0159823856735956,0.0281103454975544,0.00838508413183956,0.968247967909172,"Anomaly"
"Laos",0.00584413145490077,0.00435380448723716,0.00286277221483539,0.00242964257808068,6.19759327882757e-05,1.18016522101638,0.0462440044946669,0.0519721298863016,0.0514797563676186,0.0995691126895351,0.0605315296433281,0.771405267429601,0.0737832424403355,0.0017879921797692,0.0663776481695919,0.926398945373302,0.00463245696366554,0.00963614976564005,0.0281103454975544,0.0825121570873975,1.04225827479912,"Anomaly"
"Ireland",0.00920854876911445,0.000112747924968293,0.024637979882799,0.00114570823281044,0.0149606537120026,1.17523186131877,0.000408713777741448,0.000276838130600089,0.0112620604433974,0.0709497314167825,0.0605315296433281,0.718514293865572,8.12780193503689e-05,0.0154421570053203,0.0663776481695919,0.910608154601662,0.0347327574894398,0.00669115278698482,0.0281103454975544,0.0825121570873975,1.09418607144374,"Anomaly"
"Morocco",0.0118161471829114,0.000112747924968293,0.024637979882799,0.00331209280621646,0.0526038031835321,1.16620618574952,5.44951703655264e-05,0.000238192597004467,0.00312918620419803,0.018183348321415,0.0605315296433281,0.737746041858926,6.46989208759156e-05,0.02789674162299,0.0663776481695919,0.896159782961838,0.0261080830708442,0.0496148560714021,0.0281103454975544,2.53465896046826e-05,1.03835202286706,"Anomaly"
"Bulgaria",0.011167136047105,0.0205114494269241,0.0185554843231389,0.0163124414872947,0.00615728869213969,1.17844666075517,0.000231012135245166,0.000217472271601782,0.0081441796861307,0.0510019572671357,0.0605315296433281,0.725759111304257,0.000762773319243346,0.0098136388957787,0.0663776481695919,0.917726437421305,0.0141743579644058,0.0100255825367986,0.0333940726885575,0.000166799840034275,0.998142201815587,"Anomaly"
"Slovakia",0.0104749536402926,0.00116217091890394,0.00108562362904651,0.00310592009382022,0.0321330695325494,1.170992223804,0.000586415420237729,0.000205987985674781,0.0120008787415569,0.0738875557244052,0.0605315296433281,0.716553545327556,0.00173352671121906,0.00824782506243877,3.81806588781759e-05,0.920389023692662,0.0173189555134812,0.00763736359060662,0.0329710381730312,3.45915615256094e-05,0.989674591754897,"Anomaly"
"Denmark",0.0106320744550859,0.0503740834858632,0.024637979882799,0.00184538154229215,0.022581826571713,1.17231685519595,0.00142753652805346,0.0101070223036074,0.00825987698719383,0.0102181847910245,0.0236133629334865,0.75390082890077,0.0196784463632467,0.0160303657962785,0.0212908989854308,0.927044135413852,0.0300829059167964,0.00806325019823196,0.0281103454975544,0.0227648937984346,1.00163158848977,"Anomaly"
"New Zealand",0.0130139960122808,0.0656886756699885,0.00169182584703487,0.00128038844777012,0.00354674684151399,1.18076573349117,0.00160642284816639,0.0110189596749959,0.0130923682543784,0.0995691126895351,0.0605315296433281,0.745028048918144,0.00596133161162316,0.0169161330585176,0.00858328483480592,0.914036021030605,0.018530007547146,0.00657050185508388,0.0281103454975544,0.00608430212005718,0.978939338961427,"Anomaly"
"Serbia",0.00926003501986534,0.0651596277143681,0.0228414975745341,0.0199955502666996,0.00402941520731452,1.1784296502342,0.00200802856020798,0.00134542359256962,0.00562585467618796,0.0258768027776843,0.0605315296433281,0.734989819559628,0.00316350765199529,0.00747705820630758,0.0663776481695919,0.922531337192268,0.011427897458336,0.0099365083429889,0.0281103454975544,0.0034438866833955,0.989304323712909,"Anomaly"
"Bahrain",0.0103802932343942,0.0503740834858632,0.024637979882799,0.0222332143707253,0.0582446778238702,1.17553161219767,0.00384427886600289,0.0441982769864541,0.0401585625638111,0.0995691126895351,0.0605315296433281,0.775993558687884,0.00865428940366465,0.00625797262919221,0.0421869008704645,0.928740231713881,0.00674989964156471,0.00197257424515532,0.0281103454975544,0.0351333772877401,1.08083255676001,"Anomaly"
"Israel",0.0152104845803276,0.0503740834858632,0.024637979882799,0.00470736249955171,0.0688175405504479,1.16039315894982,0.00831880622405926,0.0202289924079452,0.0224255285801148,0.00176057862010262,0.0605315296433281,0.749294903127586,0.000848768968240917,0.0239600095230902,0.0663776481695919,0.901407014663886,0.0324531732000688,0.0114217756413244,0.0281103454975544,6.50012754411617e-05,1.06146916255322,"Anomaly"
"Hungary",0.015029273974234,0.0252208435236766,0.00546676293727095,0.00539988521667287,0.0122220358385503,1.17710290868123,0.000354218607375921,0.00379601222450588,0.024416608655898,0.114358261639007,0.00585601875293759,0.697340304844891,0.00489797788914379,0.0157611510646655,0.000312808683809055,0.914445857988845,0.0281472685214803,0.0138262897506975,0.030253607532735,0.00333960732477274,1.09445741230098,"Anomaly"
"Hong Kong",0.0190647790848357,0.0503740834858632,0.024637979882799,0.00569596974130429,0.0873318478251422,1.1562743850539,0.0462440044946669,0.0519721298863016,0.00838174089567403,0.0541196385547963,0.0605315296433281,0.724550710535636,5.66115557664261e-05,0.0414581543542156,0.0663776481695919,0.880436101373248,0.0439434929823475,0.0102089967770119,0.0281103454975544,0.0825121570873975,1.18689520133943,"Anomaly"
"Greece",0.0167520870164736,0.0249346372526033,0.0193919970965092,0.0176286028046352,0.00244127394394042,1.17595476506095,3.55403284992563e-05,2.12671961611131e-06,0.00810945581341314,0.0527437807476087,0.0605315296433281,0.725222917291768,0.00216579637632127,0.0300404020198826,0.000856337634839087,0.895510707652796,0.0300864830314347,0.0151892563855946,0.0281103454975544,0.000535220229619497,1.00212702090196,"Anomaly"
"Portugal",0.0155321672948054,0.000303552105683866,0.024637979882799,0.00244919987643526,0.0384998029472697,1.16980120379516,0.0462440044946669,0.0519721298863016,0.0123301315304327,0.0790846530058718,0.0605315296433281,0.715160069452053,0.00178622937384924,0.0240226908398468,0.0663776481695919,0.902153221685238,0.0327686914462085,0.0145495083073755,0.0281103454975544,0.0825121570873975,1.13571549938033,"Anomaly"
"Finland",0.0177058149047914,0.0503740834858632,0.024637979882799,0.00245873338228754,0.0305591534174181,1.16976148493272,0.0462440044946669,0.0519721298863016,0.0070413847263779,0.0451186142356319,0.0605315296433281,0.727738541952118,0.00173905307737721,0.0212964091275579,0.0663776481695919,0.905271561724289,0.0250256921107644,0.00772977400243556,0.0480189074450148,0.0825121570873975,1.04997189312381,"Anomaly"
"Peru",0.0161292278330905,0.000875964647830584,0.000253509835772015,0.00058688839814827,0.00458068229198641,1.17851129649139,0.0178199207095271,0.0371598680352249,0.0201700185053281,0.0995691126895351,0.0520557049929422,0.803308723873091,0.0191088262807017,0.0249506181449612,0.000946334902194788,0.916208710265698,0.0386198259733582,0.0436770948230452,0.0281103454975544,0.0191841925279679,1.10892889057268,"Anomaly"
"Switzerland",0.0168967988127611,0.0503740834858632,0.024637979882799,9.23706530268056e-05,0.00141536675826969,1.17962031726363,0.0462440044946669,0.0519721298863016,0.00907129974649004,0.0582121062021804,0.0605315296433281,0.722910700649832,0.000244777583980547,0.0231416983294515,8.75427964278176e-05,0.90182780101515,0.058320418764962,0.0118608134507433,0.0435294246048886,0.0825121570873975,1.09065722880485,"Anomaly"
"Austria",0.0216539449507487,0.0503740834858632,0.024637979882799,0.00179945108150192,0.0268023017042285,1.172508212466,0.000350664574525996,0.00270378979308871,0.0216762857789407,0.193991622704299,0.0582768662529708,0.700719322338766,0.00400796335884448,0.0266118254247104,0.0663776481695919,0.901093249799276,0.0459380586346003,0.0123219042267299,0.0281103454975544,0.00260184007502476,1.44572669586033,"Anomaly"
"Chile",0.0215747464270605,0.0102340424201989,0.00148871928356965,0.00651752534896855,0.0917482097794679,1.158220217757,0.00409306116549769,0.00233683951418311,0.0113605059260914,0.0623391987227269,0.0605315296433281,0.724199242431716,0.00177625495688087,0.0357180899143679,0.0663776481695919,0.888590455790854,0.0433026037357134,0.0255494856217998,0.0281103454975544,0.000846584226291884,1.16249424657916,"Anomaly"
"Romania",0.0203527212821479,0.00251514601852346,0.0136570980921962,0.0124475576592176,0.00791469076382171,1.17703101275667,0.00440700073390778,0.024456364134016,0.0284143321499932,0.00193081757981755,0.0605315296433281,0.747198316445084,0.0130462678157914,0.0202774567660189,0.000255264976499804,0.916329035853552,0.0468527331232603,0.0277900246155284,0.0233763303477713,0.0131030880246601,1.02111008200924,"Anomaly"
"Sweden",0.0319947023744103,0,0.024637979882799,0.00132279708556995,0.0237795215880342,1.17449406686087,0.0462440044946669,0.0519721298863016,0.00247332345819673,0.0128338054178308,0.0605315296433281,0.738602974523626,0.00171600408681517,0.0326825668273506,0.0663776481695919,0.892055762079815,0.0512537346623508,0.014011755199532,0.139495064896687,0.0825121570873975,1.35378286941555,"Anomaly"
