name,energy_consumption_btu,world_share,pc_yearly_btu,non_renewable,oil_consump,gas_consump,coal_consump,re_nuclear,co2_emissions_tons_2016,co2_emiss_one_year_change,population_2016,co2_emiss_per_capita,country_share_of_world_co2,coal_reserves,coal_production,coal_consumption,coal_imports,coal_exports,coal_net_imports,coal_year,coal_units,coal_net_exports,coal_yearly_deficit/surplus,gas_reserves,gas_production,gas_consumption,gas_imports,gas_exports,gas_net_imports,gas_year,gas_units,gas_net_exports,gas_yearly_deficit/surplus,oil_reserves,oil_production,oil_consumption,oil_imports,oil_exports,oil_net_imports,oil_year,oil_units,oil_net_exports,oil_daily_deficit/surplus
Singapore,3630377394000,0.62338% ,636011,100%,86%,13%,0%,0%,48381759,2.56%,5653634,8.56,0.14%,0.0,0.0,761679.0,761747.0,68.0,761679.0,2016,Tons ,,-761679.0,0.0,0.0,428018.0,436847.0,8829.0,428018.0,2015,Million Cubic Ft,,-428018.0,0.0,42274.0,1357000.0,1056958.0,27033.0,1029925.0,2016,Barrels,,-1314726.0
Poland,4334474486000,0.74429% ,114206,99%,30%,16%,53%,1%,296659670,2.67%,37989220,7.81,0.83%,28451723410.0,143996029.0,148799901.0,9668082.0,10339933.0,,2016,Tons ,671851.0,-4803873.0,3015000.0,217117.0,642804.0,428053.0,1978.0,426075.0,2015,Million Cubic Ft,,-425687.0,137752000.0,53367.0,582161.0,494777.0,4490.0,490287.0,2016,Barrels,,-528794.0
Argentina,3867523595000,0.66410% ,88024,87%,40%,47%,1%,13%,200708270,0.16%,43508460,4.61,0.56%,551155000.0,29318.0,1403477.0,1729270.0,1235.0,1728035.0,2016,Tons ,,-1374159.0,11142000.0,1518545.0,1659452.0,376811.0,2825.0,373986.0,2015,Million Cubic Ft,,-140907.0,2379702000.0,708770.0,709000.0,16180.0,53930.0,,2016,Barrels,37750.0,-230.0
Netherlands,3938132686000,0.67623% ,231364,95%,50%,35%,10%,5%,163419285,1.63%,16981295,9.62,0.46%,547848070.0,0.0,18203547.0,54558833.0,38116777.0,16442056.0,2016,Tons ,,-18203547.0,31702000.0,1909129.0,1408574.0,1338015.0,1799688.0,,2015,Million Cubic Ft,461673.0,500555.0,140892000.0,70128.0,937098.0,1090438.0,6585.0,1083853.0,2016,Barrels,,-866970.0
Kazakhstan,3574850089000,0.61385% ,197724,97%,18%,16%,64%,3%,231919540,1.64%,17830901,13.01,0.65%,28224647550.0,113619501.0,86633850.0,391.0,4273196.0,,2016,Tons ,4272805.0,26985651.0,85000000.0,1515014.0,480637.0,165981.0,434021.0,,2015,Million Cubic Ft,268041.0,1034376.0,30000000000.0,1698280.0,325000.0,469.0,1245575.0,,2016,Barrels,1245106.0,1373280.0
Malaysia,3515197470000,0.60360% ,113012,93%,41%,32%,20%,7%,266251542,6.54%,30684654,8.68,0.74%,198415800.0,2661820.0,33022853.0,26670879.0,415500.0,26255379.0,2016,Tons ,,-30361033.0,38284000.0,2762798.0,1119839.0,115480.0,1235672.0,,2015,Million Cubic Ft,1120192.0,1642960.0,3600000000.0,762168.0,708000.0,197489.0,390000.0,,2016,Barrels,192511.0,54168.0
United Arab Emirates,4667004234000,0.80138% ,491926,100%,39%,59%,2%,0%,218788684,4.43%,9360980,23.37,0.61%,0.0,0.0,2454173.0,2726156.0,13779.0,2712376.0,2016,Tons ,,-2454173.0,215098000.0,3178738.0,2621819.0,769972.0,273903.0,496069.0,2015,Million Cubic Ft,,556920.0,97800000000.0,3772788.0,896000.0,0.0,2487580.0,,2016,Barrels,2487580.0,2876788.0
Ukraine,3632194307000,0.62369% ,81645,73%,13%,30%,29%,27%,233220080,8.03%,44713702,5.22,0.65%,37891906250.0,39260975.0,59357189.0,17248947.0,2251110.0,14997837.0,2016,Tons ,,-20096214.0,39000000.0,670985.0,1171928.0,500943.0,0.0,500943.0,2015,Million Cubic Ft,,-500943.0,395000000.0,55832.0,244000.0,12548.0,0.0,12548.0,2016,Barrels,,-188168.0
Egypt,4012356526000,0.68897% ,41604,96%,41%,53%,2%,4%,219377350,4.72%,94447073,2.32,0.61%,17636960.0,0.0,769412.0,3337265.0,95121.0,3242144.0,2016,Tons ,,-769412.0,77200000.0,1742018.0,1692930.0,127487.0,0.0,127487.0,2015,Million Cubic Ft,,49088.0,4400000000.0,682904.0,877000.0,70411.0,240295.0,,2016,Barrels,169884.0,-194096.0
Thailand,5519011566000,0.94769% ,79743,93%,48%,33%,12%,7%,271040160,1.55%,68971308,3.93,0.76%,1171755530.0,18715682.0,42674986.0,23999601.0,39472.0,23960129.0,2016,Tons ,,-23959304.0,8415000.0,1535072.0,1876886.0,470714.0,0.0,470714.0,2015,Million Cubic Ft,,-341814.0,404890000.0,531329.0,1302000.0,875446.0,33237.0,842209.0,2016,Barrels,,-770671.0
China,138689472800000,23.8% ,97598,88%,18%,6%,63%,12%,10432751400,-0.28%,1414049351,7.38,29.18%,149818259000.0,3708155408.0,4319921826.0,281754534.0,9532676.0,272221858.0,2016,Tons ,,-611766418.0,163959000.0,4559626.0,6738152.0,2202597.0,116331.0,2086265.0,2015,Million Cubic Ft,,-2178526.0,25132122000.0,4905071.0,12791553.0,7620760.0,58812.0,7561948.0,2016,Barrels,,-7886482.0
Turkey,6432497777000,1.10454% ,79300,87%,31%,30%,26%,13%,368122740,5.25%,79827871,4.61,1.03%,12514525430.0,80473039.0,116877929.0,39921046.0,68635.0,39852411.0,2016,Tons ,,-36404890.0,218000.0,13455.0,1697310.0,1710200.0,22037.0,1688163.0,2015,Million Cubic Ft,,-1683855.0,312000000.0,66308.0,941861.0,502570.0,0.0,502570.0,2016,Barrels,,-875552.0
Taiwan,4672849385000,0.80239% ,197379,93%,44%,19%,30%,7%,276724868,1.91%,23618200,11.72,0.77%,1102310.0,0.0,72649581.0,72343027.0,1330.0,72341696.0,2016,Tons ,,-72649581.0,220000.0,12572.0,696624.0,684758.0,0.0,684758.0,2015,Million Cubic Ft,,-684052.0,2380000.0,29504.0,981203.0,811120.0,0.0,811120.0,2016,Barrels,,-951699.0
Australia,6127579421000,1.05218% ,249244,94%,39%,27%,29%,6%,414988700,-0.98%,24262712,17.10,1.16%,159634329600.0,554763963.0,129642679.0,46491.0,427090732.0,,2016,Tons ,427044241.0,425121284.0,30400000.0,2384328.0,1406950.0,225062.0,1202970.0,,2015,Million Cubic Ft,977908.0,977378.0,1193000000.0,373728.0,1114645.0,302855.0,215925.0,86930.0,2016,Barrels,,-740916.0
Falkland Islands,82900000,0.00001% ,27021,0%,0%,0%,0%,100%,48568,1.51%,2928,16.59,0.00%,0.0,0.0,0.0,0.0,0.0,,2016,Tons ,,0.0,0.0,0.0,0.0,0.0,0.0,,2015,Million Cubic Ft,,0.0,0.0,0.0,290.0,0.0,0.0,,2016,Barrels,0.0,-290.0
Spain,5726408206000,0.98330% ,122759,76%,47%,21%,8%,24%,251892320,-3.12%,46634140,5.40,0.70%,1308441970.0,2187157.0,21948094.0,15244055.0,499347.0,14744708.0,2016,Tons ,,-19760937.0,90000.0,2190.0,995989.0,1143888.0,178870.0,965018.0,2015,Million Cubic Ft,,-993799.0,150000000.0,71783.0,1290063.0,1292187.0,0.0,1292187.0,2016,Barrels,,-1218280.0
Kiribati,46100000,0.00001% ,404,0%,0%,0%,0%,100%,52818,7.18%,112524,0.47,0.00%,0.0,0.0,0.0,0.0,0.0,,2016,Tons ,,0.0,0.0,0.0,0.0,0.0,0.0,,2015,Million Cubic Ft,,0.0,0.0,0.0,400.0,0.0,0.0,,2016,Barrels,0.0,-400.0
Tonga,1807000000,0.00031% ,17716,100%,100%,0%,0%,0%,251375,7.19%,101133,2.49,0.00%,0.0,0.0,0.0,0.0,0.0,,2016,Tons ,,0.0,0.0,0.0,0.0,0.0,0.0,,2015,Million Cubic Ft,,0.0,0.0,0.0,899.0,0.0,0.0,,2016,Barrels,0.0,-899.0
South Africa,5672958314000,0.97412% ,99509,96%,22%,3%,70%,4%,390557850,-0.49%,56207646,6.95,1.09%,35053458000.0,277951564.0,202298474.0,2037037.0,85235315.0,,2016,Tons ,83198279.0,75653090.0,0.0,41319.0,173044.0,134197.0,0.0,134197.0,2015,Million Cubic Ft,,-131725.0,15000000.0,136517.0,640000.0,416531.0,9018.0,407513.0,2016,Barrels,,-503483.0
Saint Pierre & Miquelon,1982000000,0.00034% ,336674,50%,50%,0%,0%,50%,8842,1.51%,5934,1.49,0.00%,0.0,0.0,0.0,0.0,0.0,,2016,Tons ,,0.0,0.0,0.0,0.0,0.0,0.0,,2015,Million Cubic Ft,,0.0,0.0,0.0,660.0,0.0,0.0,,2016,Barrels,0.0,-660.0
St. Vincent & Grenadines,2596000000,0.00045% ,23637,100%,100%,0%,0%,0%,362414,1.51%,109459,3.31,0.00%,0.0,0.0,0.0,0.0,0.0,,2016,Tons ,,0.0,0.0,0.0,0.0,0.0,0.0,,2015,Million Cubic Ft,,0.0,0.0,0.0,1619.0,0.0,0.0,,2016,Barrels,0.0,-1619.0
Sao Tome & Principe,2366491000,0.00041% ,11427,91%,91%,0%,0%,9%,56185,2.60%,203227,0.28,0.00%,0.0,0.0,0.0,0.0,0.0,,2016,Tons ,,0.0,0.0,0.0,0.0,0.0,0.0,,2015,Million Cubic Ft,,0.0,0.0,0.0,1000.0,0.0,0.0,,2016,Barrels,0.0,-1000.0
Cook Islands,1677278000,0.00029% ,95806,48%,48%,0%,0%,52%,37354,7.19%,17524,2.13,0.00%,0.0,0.0,0.0,0.0,0.0,,2016,Tons ,,0.0,0.0,0.0,0.0,0.0,0.0,,2015,Million Cubic Ft,,0.0,0.0,0.0,600.0,0.0,0.0,,2016,Barrels,0.0,-600.0
British Virgin Islands,3397977000,0.00058% ,114886,94%,94%,0%,0%,6%,99762,1.51%,29355,3.40,0.00%,0.0,0.0,0.0,0.0,0.0,,2016,Tons ,,0.0,0.0,0.0,0.0,0.0,0.0,,2015,Million Cubic Ft,,0.0,0.0,0.0,1240.0,0.0,0.0,,2016,Barrels,0.0,-1240.0
Western Sahara,3022000000,0.00052% ,5469,100%,100%,0%,0%,0%,207592,2.61%,538749,0.39,0.00%,0.0,0.0,0.0,0.0,0.0,,2016,Tons ,,0.0,0.0,0.0,0.0,0.0,0.0,,2015,Million Cubic Ft,,0.0,0.0,0.0,1701.0,0.0,0.0,,2016,Barrels,0.0,-1701.0
Comoros,3848000000,0.00066% ,4728,100%,100%,0%,0%,0%,108422,2.58%,795592,0.14,0.00%,0.0,0.0,0.0,0.0,0.0,,2016,Tons ,,0.0,0.0,0.0,0.0,0.0,0.0,,2015,Million Cubic Ft,,0.0,0.0,0.0,1300.0,0.0,0.0,,2016,Barrels,0.0,-1300.0
Saint Kitts & Nevis,3317704000,0.00057% ,63747,94%,94%,0%,0%,6%,203036,1.51%,51625,3.93,0.00%,0.0,0.0,0.0,0.0,0.0,,2016,Tons ,,0.0,0.0,0.0,0.0,0.0,0.0,,2015,Million Cubic Ft,,0.0,0.0,0.0,1700.0,0.0,0.0,,2016,Barrels,0.0,-1700.0
Turks and Caicos,4606000000,0.00079% ,124101,93%,93%,0%,0%,7%,65451,1.52%,36559,1.79,0.00%,0.0,0.0,0.0,0.0,0.0,,2016,Tons ,,0.0,0.0,0.0,0.0,0.0,0.0,,2015,Million Cubic Ft,,0.0,0.0,0.0,1420.0,0.0,0.0,,2016,Barrels,0.0,-1420.0
Vanuatu,3059838000,0.00053% ,10717,81%,81%,0%,0%,19%,137706,7.18%,278330,0.49,0.00%,0.0,0.0,0.0,0.0,0.0,,2016,Tons ,,0.0,0.0,0.0,0.0,0.0,0.0,,2015,Million Cubic Ft,,0.0,0.0,0.0,1100.0,0.0,0.0,,2016,Barrels,0.0,-1100.0
Dominica,3949649000,0.00068% ,55272,85%,85%,0%,0%,15%,185767,1.51%,71307,2.61,0.00%,0.0,0.0,0.0,0.0,0.0,,2016,Tons ,,0.0,0.0,0.0,0.0,0.0,0.0,,2015,Million Cubic Ft,,0.0,0.0,0.0,1301.0,0.0,0.0,,2016,Barrels,0.0,-1301.0
Chad,4879681000,0.00084% ,325,90%,90%,0%,0%,10%,1670941,2.14%,14561660,0.11,0.00%,0.0,0.0,0.0,0.0,0.0,,2016,Tons ,,0.0,0.0,353.0,353.0,0.0,0.0,,2015,Million Cubic Ft,,0.0,1500000000.0,114000.0,2299.0,0.0,97079.0,,2016,Barrels,97079.0,111701.0
Grenada,4338852000,0.00075% ,39133,96%,96%,0%,0%,4%,554848,1.51%,110261,5.03,0.00%,0.0,0.0,0.0,0.0,0.0,,2016,Tons ,,0.0,0.0,0.0,0.0,0.0,0.0,,2015,Million Cubic Ft,,0.0,0.0,0.0,2000.0,0.0,0.0,,2016,Barrels,0.0,-2000.0
Burundi,5374860000,0.00092% ,496,57%,57%,0%,0%,43%,1093618,2.81%,10487995,0.10,0.00%,0.0,0.0,0.0,0.0,0.0,,2016,Tons ,,0.0,0.0,0.0,0.0,0.0,0.0,,2015,Million Cubic Ft,,0.0,0.0,0.0,1499.0,0.0,0.0,,2016,Barrels,0.0,-1499.0
Guinea-Bissau,4395213000,0.00075% ,2404,95%,95%,0%,0%,5%,318706,2.59%,1782438,0.18,0.00%,0.0,0.0,0.0,0.0,0.0,,2016,Tons ,,0.0,0.0,0.0,0.0,0.0,0.0,,2015,Million Cubic Ft,,0.0,0.0,0.0,2700.0,0.0,0.0,,2016,Barrels,0.0,-2700.0
Solomon Islands,4770491000,0.00082% ,7500,91%,91%,0%,0%,9%,341748,7.18%,619438,0.55,0.00%,0.0,0.0,0.0,0.0,0.0,,2016,Tons ,,0.0,0.0,0.0,0.0,0.0,0.0,,2015,Million Cubic Ft,,0.0,0.0,0.0,1600.0,0.0,0.0,,2016,Barrels,0.0,-1600.0
Central African Republic,7065635000,0.00121% ,1537,76%,76%,0%,0%,24%,543229,2.57%,4537686,0.12,0.00%,3306930.0,0.0,0.0,0.0,0.0,,2016,Tons ,,0.0,0.0,0.0,0.0,0.0,0.0,,2015,Million Cubic Ft,,0.0,0.0,0.0,2800.0,0.0,0.0,,2016,Barrels,0.0,-2800.0
Saint Lucia,6991213000,0.00120% ,38635,93%,93%,0%,0%,7%,608182,1.51%,180024,3.38,0.00%,0.0,0.0,0.0,0.0,0.0,,2016,Tons ,,0.0,0.0,0.0,0.0,0.0,0.0,,2015,Million Cubic Ft,,0.0,0.0,0.0,3099.0,0.0,0.0,,2016,Barrels,0.0,-3099.0
Gambia,7564000000,0.00130% ,3417,100%,100%,0%,0%,0%,254127,2.59%,2149136,0.12,0.00%,0.0,0.0,0.0,0.0,0.0,,2016,Tons ,,0.0,0.0,0.0,0.0,0.0,0.0,,2015,Million Cubic Ft,,0.0,0.0,0.0,3800.0,0.0,0.0,,2016,Barrels,0.0,-3800.0
Eritrea,10870852000,0.00187% ,3185,96%,96%,0%,0%,4%,684140,4.79%,3376557,0.20,0.00%,0.0,0.0,0.0,0.0,0.0,,2016,Tons ,,0.0,0.0,0.0,0.0,0.0,0.0,,2015,Million Cubic Ft,,0.0,0.0,0.0,3000.0,0.0,0.0,,2016,Barrels,0.0,-3000.0
Samoa,5672659000,0.00097% ,29038,91%,91%,0%,0%,9%,169939,7.18%,194535,0.87,0.00%,0.0,0.0,0.0,0.0,0.0,,2016,Tons ,,0.0,0.0,0.0,0.0,0.0,0.0,,2015,Million Cubic Ft,,0.0,0.0,0.0,2400.0,0.0,0.0,,2016,Barrels,0.0,-2400.0
Bermuda,11252000000,0.00193% ,178464,99%,99%,0%,0%,1%,639352,1.51%,63362,10.09,0.00%,0.0,0.0,0.0,0.0,0.0,,2016,Tons ,,0.0,0.0,0.0,0.0,0.0,0.0,,2015,Million Cubic Ft,,0.0,0.0,0.0,5000.0,0.0,0.0,,2016,Barrels,0.0,-5000.0
Cayman Islands,9514000000,0.00163% ,150106,100%,100%,0%,0%,0%,406057,1.52%,62569,6.49,0.00%,0.0,0.0,0.0,0.0,0.0,,2016,Tons ,,0.0,0.0,0.0,0.0,0.0,0.0,,2015,Million Cubic Ft,,0.0,0.0,0.0,4401.0,0.0,0.0,,2016,Barrels,0.0,-4401.0
Timor-Leste,8615000000,0.00148% ,6929,100%,100%,0%,0%,0%,495687,4.63%,1219288,0.41,0.00%,0.0,0.0,0.0,0.0,0.0,,2016,Tons ,,0.0,0.0,347853.0,347853.0,271926.0,271926.0,,2015,Million Cubic Ft,,0.0,0.0,49238.0,3501.0,0.0,2101.0,,2016,Barrels,2101.0,45737.0
Djibouti,12152607000,0.00209% ,12872,99%,99%,0%,0%,1%,1508851,2.97%,929112,1.62,0.00%,0.0,0.0,0.0,0.0,0.0,,2016,Tons ,,0.0,0.0,0.0,0.0,0.0,0.0,,2015,Million Cubic Ft,,0.0,0.0,0.0,6360.0,0.0,0.0,,2016,Barrels,0.0,-6360.0
Somalia,12100621000,0.00208% ,829,95%,95%,0%,0%,5%,1268442,2.57%,14185636,0.09,0.00%,0.0,0.0,0.0,0.0,0.0,,2016,Tons ,,0.0,200000.0,0.0,0.0,0.0,0.0,,2015,Million Cubic Ft,,0.0,0.0,0.0,5600.0,0.0,0.0,,2016,Barrels,0.0,-5600.0
Faeroe Islands,11506210000,0.00198% ,238071,82%,82%,0%,0%,18%,1953,0.60%,48173,0.04,0.00%,0.0,0.0,0.0,0.0,0.0,,2016,Tons ,,0.0,0.0,0.0,0.0,0.0,0.0,,2015,Million Cubic Ft,,0.0,0.0,0.0,4600.0,0.0,0.0,,2016,Barrels,0.0,-4600.0
French Polynesia,15199494000,0.00261% ,55050,90%,90%,0%,0%,10%,1003249,7.18%,274575,3.65,0.00%,0.0,0.0,0.0,0.0,0.0,,2016,Tons ,,0.0,0.0,0.0,0.0,0.0,0.0,,2015,Million Cubic Ft,,0.0,0.0,0.0,6599.0,0.0,0.0,,2016,Barrels,0.0,-6599.0
Lesotho,15324212000,0.00263% ,7327,61%,61%,0%,0%,39%,318438,2.58%,2075030,0.15,0.00%,0.0,0.0,0.0,0.0,0.0,,2016,Tons ,,0.0,0.0,0.0,0.0,0.0,0.0,,2015,Million Cubic Ft,,0.0,0.0,0.0,5001.0,0.0,0.0,,2016,Barrels,0.0,-5001.0
Belize,12727469000,0.00219% ,33870,64%,64%,0%,0%,36%,1114105,1.51%,368400,3.02,0.00%,0.0,0.0,0.0,0.0,0.0,,2016,Tons ,,0.0,0.0,0.0,0.0,0.0,0.0,,2015,Million Cubic Ft,,0.0,6700000.0,2000.0,4001.0,0.0,2030.0,,2016,Barrels,2030.0,-2001.0
Cabo Verde,12660679000,0.00217% ,23555,94%,94%,0%,0%,6%,99687,2.59%,531146,0.19,0.00%,0.0,0.0,0.0,0.0,0.0,,2016,Tons ,,0.0,0.0,0.0,0.0,0.0,0.0,,2015,Million Cubic Ft,,0.0,0.0,0.0,5600.0,0.0,0.0,,2016,Barrels,0.0,-5600.0
Seychelles,15644000000,0.00269% ,162252,100%,100%,0%,0%,0%,519693,2.62%,95710,5.43,0.00%,0.0,0.0,0.0,0.0,0.0,,2016,Tons ,,0.0,0.0,0.0,0.0,0.0,0.0,,2015,Million Cubic Ft,,0.0,0.0,0.0,7299.0,0.0,0.0,,2016,Barrels,0.0,-7299.0
Sierra Leone,13386542000,0.00230% ,1788,94%,94%,0%,0%,6%,1272332,3.43%,7328834,0.17,0.00%,0.0,0.0,0.0,0.0,0.0,,2016,Tons ,,0.0,0.0,0.0,0.0,0.0,0.0,,2015,Million Cubic Ft,,0.0,0.0,0.0,6500.0,0.0,0.0,,2016,Barrels,0.0,-6500.0
Greenland,12683792000,0.00218% ,224567,72%,72%,0%,0%,28%,1530,0.86%,56412,0.03,0.00%,201722730.0,0.0,0.0,0.0,0.0,,2016,Tons ,,0.0,0.0,0.0,0.0,0.0,0.0,,2015,Million Cubic Ft,,0.0,0.0,0.0,4000.0,0.0,0.0,,2016,Barrels,0.0,-4000.0
French Guiana,15686060000,0.00269% ,57001,64%,64%,0%,0%,36%,1473719,1.73%,267821,5.50,0.00%,0.0,0.0,0.0,0.0,0.0,,2016,Tons ,,0.0,0.0,0.0,0.0,0.0,0.0,,2015,Million Cubic Ft,,0.0,0.0,0.0,5000.0,0.0,0.0,,2016,Barrels,0.0,-5000.0
Rwanda,15834435000,0.00272% ,1322,81%,81%,0%,0%,19%,1403087,2.88%,11668827,0.12,0.00%,0.0,0.0,0.0,0.0,0.0,,2016,Tons ,,0.0,2000000.0,0.0,0.0,0.0,0.0,,2015,Million Cubic Ft,,0.0,0.0,0.0,6700.0,0.0,0.0,,2016,Barrels,0.0,-6700.0
Liberia,16601000000,0.00285% ,3530,100%,100%,0%,0%,0%,846658,3.49%,4586787,0.18,0.00%,0.0,0.0,0.0,0.0,0.0,,2016,Tons ,,0.0,0.0,0.0,0.0,0.0,0.0,,2015,Million Cubic Ft,,0.0,0.0,0.0,8000.0,0.0,4412.0,,2016,Barrels,4412.0,-8000.0
Eswatini,20439383000,0.00351% ,18171,68%,52%,0%,16%,32%,657572,2.61%,1113997,0.59,0.00%,158732640.0,174165.0,159863.0,126688.0,119118.0,7570.0,2016,Tons ,,14302.0,0.0,0.0,0.0,0.0,0.0,,2015,Million Cubic Ft,,0.0,0.0,775.0,5300.0,0.0,0.0,,2016,Barrels,0.0,-4525.0
Maldives,24704426000,0.00424% ,49767,99%,99%,0%,0%,1%,1233015,7.19%,475512,2.59,0.00%,0.0,0.0,0.0,0.0,0.0,,2016,Tons ,,0.0,0.0,0.0,0.0,0.0,0.0,,2015,Million Cubic Ft,,0.0,0.0,0.0,11000.0,0.0,0.0,,2016,Barrels,0.0,-11000.0
Aruba,17606311000,0.00302% ,167097,94%,94%,0%,0%,6%,286871,1.51%,104872,2.74,0.00%,0.0,0.0,0.0,0.0,0.0,,2016,Tons ,,0.0,0.0,0.0,0.0,0.0,0.0,,2015,Million Cubic Ft,,0.0,0.0,0.0,8000.0,55547.0,0.0,55547.0,2016,Barrels,,-8000.0
Guadeloupe,28095517000,0.00482% ,70296,93%,93%,0%,0%,7%,2478038,1.84%,399763,6.20,0.01%,0.0,0.0,0.0,0.0,0.0,,2016,Tons ,,0.0,0.0,0.0,0.0,0.0,0.0,,2015,Million Cubic Ft,,0.0,0.0,0.0,13000.0,0.0,0.0,,2016,Barrels,0.0,-13000.0
Malawi,31388331000,0.00539% ,1776,43%,36%,0%,7%,57%,1815598,3.26%,17205261,0.11,0.01%,2204620.0,47399.0,85915.0,36840.0,6400.0,30440.0,2016,Tons ,,-38516.0,0.0,0.0,0.0,0.0,0.0,,2015,Million Cubic Ft,,0.0,0.0,517.0,6001.0,0.0,0.0,,2016,Barrels,0.0,-5484.0
Barbados,24763656000,0.00425% ,86516,96%,93%,3%,0%,4%,1541447,1.88%,285796,5.39,0.00%,0.0,0.0,0.0,0.0,0.0,,2016,Tons ,,0.0,5000.0,626.0,626.0,0.0,0.0,,2015,Million Cubic Ft,0.0,0.0,2315000.0,1000.0,11001.0,0.0,642.0,,2016,Barrels,642.0,-10001.0
Guyana,30165867000,0.00518% ,38913,99%,99%,0%,0%,1%,3253057,1.61%,771368,4.22,0.01%,0.0,0.0,0.0,0.0,0.0,,2016,Tons ,,0.0,0.0,0.0,0.0,0.0,0.0,,2015,Million Cubic Ft,,0.0,0.0,0.0,14000.0,0.0,0.0,,2016,Barrels,0.0,-14000.0
Niger,34310284000,0.00589% ,1588,93%,76%,0%,16%,7%,2088475,0.15%,20788798,0.10,0.01%,6613860.0,272271.0,261247.0,0.0,0.0,,2016,Tons ,0.0,11023.0,0.0,0.0,0.0,0.0,0.0,,2015,Million Cubic Ft,,0.0,150000000.0,13497.0,12000.0,0.0,0.0,,2016,Barrels,0.0,1497.0
Guam,27908500000,0.00479% ,169883,97%,97%,0%,0%,3%,,,,,,0.0,0.0,0.0,0.0,0.0,,2016,Tons ,,0.0,0.0,0.0,0.0,0.0,0.0,,2015,Million Cubic Ft,,0.0,0.0,0.0,12570.0,0.0,0.0,,2016,Barrels,0.0,-12570.0
Martinique,36175538000,0.00621% ,96225,98%,98%,0%,0%,2%,2715477,1.72%,376791,7.21,0.01%,0.0,0.0,0.0,0.0,0.0,,2016,Tons ,,0.0,0.0,0.0,0.0,0.0,0.0,,2015,Million Cubic Ft,,0.0,0.0,-319.0,16999.0,0.0,0.0,,2016,Barrels,0.0,-17318.0
Fiji,38870204000,0.00667% ,44299,87%,87%,0%,0%,13%,1703193,7.28%,872399,1.95,0.00%,0.0,0.0,1.0,1.0,0.0,1.0,2016,Tons ,,-1.0,0.0,0.0,0.0,0.0,0.0,,2015,Million Cubic Ft,,0.0,0.0,0.0,16000.0,2.0,0.0,2.0,2016,Barrels,,-16000.0
U.S. Virgin Islands,33991878000,0.00584% ,324502,100%,100%,0%,0%,0%,,,,,,0.0,0.0,0.0,0.0,0.0,,2016,Tons ,,0.0,0.0,0.0,0.0,0.0,0.0,,2015,Million Cubic Ft,,0.0,0.0,0.0,16440.0,0.0,0.0,,2016,Barrels,0.0,-16440.0
Suriname,38652993000,0.00664% ,67753,75%,75%,0%,0%,25%,2152933,0.32%,564888,3.81,0.01%,0.0,0.0,0.0,0.0,0.0,,2016,Tons ,,0.0,0.0,0.0,0.0,0.0,0.0,,2015,Million Cubic Ft,,0.0,99980000.0,16401.0,13000.0,0.0,0.0,,2016,Barrels,0.0,3401.0
Togo,41108083000,0.00706% ,5340,84%,76%,0%,8%,16%,2321546,5.47%,7509951,0.31,0.01%,0.0,0.0,161048.0,161048.0,0.0,161048.0,2016,Tons ,,-161048.0,0.0,0.0,0.0,0.0,0.0,,2015,Million Cubic Ft,,0.0,0.0,0.0,15000.0,0.0,0.0,,2016,Barrels,0.0,-15000.0
Montenegro,43490743000,0.00747% ,69301,68%,39%,0%,29%,32%,16249039,2.27%,627264,25.90,0.05%,156528020.0,1541029.0,1500244.0,7518.0,46297.0,,2016,Tons ,38779.0,40785.0,0.0,0.0,0.0,0.0,0.0,,2015,Million Cubic Ft,,0.0,0.0,0.0,7000.0,0.0,0.0,,2016,Barrels,0.0,-7000.0
Mauritania,39378962000,0.00676% ,9195,90%,90%,0%,0%,10%,2564345,3.32%,4163533,0.62,0.01%,0.0,0.0,0.0,0.0,0.0,,2016,Tons ,,0.0,1000000.0,0.0,0.0,0.0,0.0,,2015,Million Cubic Ft,,0.0,20000000.0,4836.0,17000.0,0.0,6251.0,,2016,Barrels,6251.0,-12164.0
Bahamas,42853849000,0.00736% ,112255,99%,99%,0%,0%,1%,4404247,1.51%,377930,11.65,0.01%,0.0,0.0,0.0,0.0,0.0,,2016,Tons ,,0.0,0.0,0.0,0.0,0.0,0.0,,2015,Million Cubic Ft,,0.0,0.0,0.0,20036.0,63247.0,7755.0,55492.0,2016,Barrels,,-20036.0
Guinea,48146986000,0.00827% ,3990,78%,78%,0%,0%,22%,2071798,3.20%,11738429,0.18,0.01%,0.0,0.0,0.0,0.0,0.0,,2016,Tons ,,0.0,0.0,0.0,0.0,0.0,0.0,,2015,Million Cubic Ft,,0.0,0.0,0.0,19001.0,0.0,0.0,,2016,Barrels,0.0,-19001.0
Réunion,46915585000,0.00806% ,53548,79%,79%,0%,0%,21%,1132331,3.55%,869743,1.30,0.00%,0.0,0.0,0.0,0.0,0.0,,2016,Tons ,,0.0,0.0,0.0,0.0,0.0,0.0,,2015,Million Cubic Ft,,0.0,0.0,0.0,17999.0,0.0,0.0,,2016,Barrels,0.0,-17999.0
Haiti,48163170000,0.00827% ,4386,99%,99%,0%,0%,1%,3086897,1.71%,10839970,0.28,0.01%,0.0,0.0,0.0,0.0,0.0,,2016,Tons ,,0.0,0.0,0.0,0.0,0.0,0.0,,2015,Million Cubic Ft,,0.0,0.0,0.0,23000.0,0.0,0.0,,2016,Barrels,0.0,-23000.0
Madagascar,54364625000,0.00934% ,2126,84%,68%,0%,16%,16%,3026047,2.85%,24894370,0.12,0.01%,0.0,0.0,566337.0,552763.0,0.0,552763.0,2016,Tons ,,-566337.0,,,,,,,,,,,0.0,0.0,18000.0,0.0,0.0,,2016,Barrels,0.0,-18000.0
Mali,60540614000,0.01040% ,3270,78%,78%,0%,0%,22%,1606421,2.57%,17965443,0.09,0.00%,0.0,0.0,0.0,0.0,0.0,,2016,Tons ,,0.0,0.0,0.0,0.0,0.0,0.0,,2015,Million Cubic Ft,,0.0,0.0,0.0,21999.0,45.0,0.0,45.0,2016,Barrels,,-21999.0
Burkina Faso,49416394000,0.00849% ,2575,92%,92%,0%,0%,8%,2352070,3.14%,18646357,0.13,0.01%,0.0,0.0,0.0,0.0,0.0,,2016,Tons ,,0.0,0.0,0.0,0.0,0.0,0.0,,2015,Million Cubic Ft,,0.0,0.0,0.0,23000.0,0.0,0.0,,2016,Barrels,0.0,-23000.0
State of Palestine,65933937000,0.01132% ,13889,70%,70%,0%,0%,30%,,,,,,0.0,0.0,0.0,0.0,0.0,,2016,Tons ,,0.0,0.0,0.0,0.0,0.0,0.0,,2015,Million Cubic Ft,,0.0,0.0,0.0,24001.0,23.0,0.0,23.0,2016,Barrels,,-24001.0
Gabon,68381605000,0.01174% ,33117,87%,65%,22%,0%,13%,5694208,1.12%,2007873,2.84,0.02%,0.0,0.0,0.0,0.0,0.0,,2016,Tons ,,0.0,1000000.0,91042.0,13349.0,0.0,0.0,,2015,Million Cubic Ft,0.0,77693.0,2000000000.0,210428.0,21000.0,0.0,205218.0,,2016,Barrels,205218.0,189428.0
Macao,48682524000,0.00836% ,78194,73%,60%,14%,0%,27%,3106518,7.19%,612836,5.07,0.01%,0.0,0.0,0.0,0.0,0.0,,2016,Tons ,,0.0,0.0,0.0,68.0,75.0,0.0,75.0,2015,Million Cubic Ft,,-68.0,0.0,0.0,17110.0,0.0,0.0,,2016,Barrels,0.0,-17110.0
Bhutan,61282453000,0.01052% ,82196,11%,9%,0%,2%,89%,1682100,6.14%,736708,2.28,0.00%,0.0,129833.0,96000.0,21467.0,0.0,21467.0,2016,Tons ,,33833.0,0.0,0.0,0.0,0.0,0.0,,2015,Million Cubic Ft,,0.0,0.0,0.0,3001.0,0.0,0.0,,2016,Barrels,0.0,-3001.0
Estonia,87785565000,0.01507% ,66535,89%,67%,21%,1%,11%,22402414,1.01%,1316510,17.02,0.06%,0.0,0.0,19762.0,19642.0,0.0,19642.0,2016,Tons ,,-19762.0,0.0,0.0,16633.0,16633.0,0.0,16633.0,2015,Million Cubic Ft,,-16633.0,0.0,16000.0,28855.0,0.0,0.0,,2016,Barrels,0.0,-12855.0
Mauritius,90076344000,0.01547% ,71235,93%,72%,0%,21%,7%,3192307,0.00%,1261865,2.53,0.01%,0.0,0.0,772967.0,1020188.0,0.0,1020188.0,2016,Tons ,,-772967.0,0.0,0.0,0.0,0.0,0.0,,2015,Million Cubic Ft,,0.0,0.0,517.0,28000.0,0.0,0.0,,2016,Barrels,0.0,-27483.0
Namibia,79767587000,0.01370% ,33200,70%,70%,0%,0%,30%,3901830,4.42%,2358044,1.65,0.01%,0.0,0.0,5524.0,5524.0,0.0,5524.0,2016,Tons ,,-5524.0,2200000.0,0.0,0.0,0.0,0.0,,2015,Million Cubic Ft,,0.0,0.0,0.0,26000.0,130.0,1.0,129.0,2016,Barrels,,-26000.0
New Caledonia,78485011000,0.01348% ,283186,95%,57%,0%,38%,5%,2338717,7.22%,274191,8.53,0.01%,2204620.0,0.0,1155221.0,1188248.0,0.0,1188248.0,2016,Tons ,,-1155221.0,0.0,0.0,0.0,0.0,0.0,,2015,Million Cubic Ft,,0.0,0.0,0.0,20000.0,0.0,0.0,,2016,Barrels,0.0,-20000.0
Equatorial Guinea,59811150000,0.01027% ,47394,92%,18%,74%,0%,8%,2156371,0.00%,1215180,1.77,0.01%,0.0,0.0,0.0,0.0,0.0,,2016,Tons ,,0.0,1300000.0,296646.0,42025.0,0.0,176928.0,,2015,Million Cubic Ft,176928.0,254621.0,1100000000.0,244000.0,5200.0,0.0,188257.0,,2016,Barrels,188257.0,238800.0
Uganda,97180787000,0.01669% ,2361,66%,66%,0%,0%,34%,5009493,3.82%,39649166,0.13,0.01%,0.0,0.0,0.0,0.0,0.0,,2016,Tons ,,0.0,500000.0,0.0,0.0,0.0,0.0,,2015,Million Cubic Ft,,0.0,2500000000.0,0.0,32001.0,0.0,0.0,,2016,Barrels,0.0,-32001.0
Benin,97181607000,0.01669% ,8696,96%,93%,0%,3%,4%,6563709,4.13%,10872063,0.60,0.02%,0.0,0.0,87776.0,87776.0,0.0,87776.0,2016,Tons ,,-87776.0,40000.0,0.0,0.0,0.0,0.0,,2015,Million Cubic Ft,,0.0,8000000.0,0.0,36000.0,0.0,0.0,,2016,Barrels,0.0,-36000.0
North Macedonia,100005786000,0.0172% ,48034,81%,38%,7%,35%,19%,8896732,1.62%,2080743,4.28,0.02%,365966920.0,5679101.0,5987018.0,227611.0,2044.0,225567.0,2016,Tons ,,-307917.0,0.0,0.0,2119.0,2119.0,0.0,2119.0,2015,Million Cubic Ft,,-2119.0,0.0,240.0,21000.0,0.0,0.0,,2016,Barrels,0.0,-20760.0
Congo,95621923000,0.01642% ,18710,88%,34%,54%,0%,12%,5212302,1.63%,4980996,1.05,0.01%,0.0,0.0,0.0,0.0,0.0,,2016,Tons ,,0.0,3200000.0,324898.0,52973.0,0.0,0.0,,2015,Million Cubic Ft,0.0,271926.0,1600000000.0,204735.0,17000.0,3.0,194693.0,,2016,Barrels,194690.0,187735.0
Nicaragua,98675888000,0.01694% ,15455,75%,75%,0%,0%,25%,5325447,1.86%,6303974,0.84,0.01%,0.0,0.0,0.0,0.0,0.0,,2016,Tons ,,0.0,0.0,0.0,0.0,0.0,0.0,,2015,Million Cubic Ft,,0.0,0.0,-81.0,37000.0,12410.0,0.0,12410.0,2016,Barrels,,-37081.0
Botswana,96035971000,0.01649% ,43552,97%,47%,0%,50%,3%,6438429,-3.74%,2159927,2.98,0.02%,106434000.0,2065729.0,1356944.0,5637.0,13288.0,,2016,Tons ,7650.0,708785.0,0.0,0.0,0.0,0.0,0.0,,2015,Million Cubic Ft,,0.0,0.0,0.0,21000.0,1.0,1.0,,2016,Barrels,0.0,-21000.0
Papua New Guinea,93500964000,0.01606% ,11081,92%,88%,4%,0%,8%,9086988,7.09%,8271762,1.10,0.03%,0.0,0.0,0.0,0.0,0.0,,2016,Tons ,,0.0,5467000.0,346087.0,3532.0,0.0,342556.0,,2015,Million Cubic Ft,342556.0,342556.0,180249000.0,56075.0,37001.0,0.0,0.0,,2016,Barrels,0.0,19074.0
Cyprus,117196038000,0.0201% ,99346,97%,96%,0%,0%,3%,6872427,3.73%,1170187,5.87,0.02%,0.0,0.0,224.0,224.0,0.0,224.0,2016,Tons ,,-224.0,0.0,0.0,0.0,0.0,0.0,,2015,Million Cubic Ft,,0.0,0.0,10.0,52000.0,4.0,0.0,4.0,2016,Barrels,,-51990.0
Moldova,128017617000,0.0220% ,31534,95%,29%,63%,4%,5%,8258774,2.99%,4066009,2.03,0.02%,0.0,0.0,137789.0,130711.0,0.0,130711.0,2016,Tons ,,-137789.0,0.0,353.0,96410.0,96057.0,0.0,96057.0,2015,Million Cubic Ft,,-96057.0,0.0,-18.0,18001.0,1.0,0.0,1.0,2016,Barrels,,-18019.0
Albania,111843460000,0.0192% ,38778,56%,52%,2%,2%,44%,5208319,4.45%,2886438,1.80,0.01%,575405820.0,0.0,95901.0,89287.0,0.0,89287.0,2016,Tons ,,-95901.0,29000.0,1236.0,1236.0,0.0,0.0,,2015,Million Cubic Ft,0.0,0.0,168332000.0,22818.0,27000.0,0.0,18200.0,,2016,Barrels,18200.0,-4182.0
Jamaica,128130859000,0.0220% ,43868,95%,87%,6%,2%,5%,8946575,1.82%,2906236,3.08,0.03%,0.0,0.0,80469.0,103617.0,0.0,103617.0,2016,Tons ,,-80469.0,0.0,0.0,0.0,0.0,0.0,,2015,Million Cubic Ft,,0.0,0.0,707.0,54000.0,21579.0,0.0,21579.0,2016,Barrels,,-53293.0
Malta,128532491000,0.0221% ,293498,97%,88%,8%,0%,3%,2257870,3.48%,436097,5.18,0.01%,0.0,0.0,56.0,56.0,0.0,56.0,2016,Tons ,,-56.0,0.0,0.0,0.0,0.0,0.0,,2015,Million Cubic Ft,,0.0,0.0,0.0,47000.0,0.0,0.0,,2016,Barrels,0.0,-47000.0
El Salvador,132276983000,0.0227% ,20707,69%,69%,0%,0%,31%,6853766,0.45%,6356143,1.08,0.02%,0.0,0.0,0.0,0.0,0.0,,2016,Tons ,,0.0,0.0,0.0,0.0,0.0,0.0,,2015,Million Cubic Ft,,0.0,0.0,0.0,52000.0,1.0,0.0,1.0,2016,Barrels,,-52000.0
DR Congo,132065701000,0.0227% ,1622,33%,32%,0%,0%,67%,6564773,3.77%,78789127,0.08,0.02%,97003280.0,9011.0,12538.0,17882.0,0.0,17882.0,2016,Tons ,,-3527.0,35000.0,9182.0,353.0,0.0,0.0,,2015,Million Cubic Ft,0.0,8829.0,180000000.0,20000.0,21000.0,0.0,16263.0,,2016,Barrels,16263.0,-1000.0
Senegal,130707004000,0.0224% ,8477,96%,83%,1%,11%,4%,8247295,3.69%,14993519,0.55,0.02%,0.0,0.0,448640.0,660467.0,0.0,660467.0,2016,Tons ,,-448640.0,0.0,2190.0,2190.0,0.0,0.0,,2015,Million Cubic Ft,0.0,0.0,0.0,-32.0,49000.0,19390.0,911.0,18479.0,2016,Barrels,,-49032.0
Yemen,138496775000,0.0238% ,4976,99%,79%,14%,6%,1%,25647990,1.62%,27168208,0.94,0.07%,0.0,0.0,133380.0,153994.0,0.0,153994.0,2016,Tons ,,-133380.0,16900000.0,444969.0,28605.0,0.0,66745.0,,2015,Million Cubic Ft,66745.0,416364.0,3000000000.0,21960.0,60000.0,0.0,8875.0,,2016,Barrels,8875.0,-38040.0
Zimbabwe,158453760000,0.0272% ,11130,73%,32%,0%,41%,27%,10062628,-4.17%,14030331,0.72,0.03%,553359620.0,2976237.0,3388555.0,173.0,47903.0,,2016,Tons ,47729.0,-412318.0,0.0,0.0,0.0,0.0,0.0,,2015,Million Cubic Ft,,0.0,0.0,819.0,24000.0,0.0,0.0,,2016,Barrels,0.0,-23181.0
Nepal,161222108000,0.0277% ,5834,68%,64%,0%,4%,32%,7833787,10.10%,27263433,0.29,0.02%,1102310.0,23149.0,283303.0,207403.0,0.0,207403.0,2016,Tons ,,-260154.0,0.0,0.0,0.0,0.0,0.0,,2015,Million Cubic Ft,,0.0,0.0,0.0,43000.0,0.0,0.0,,2016,Barrels,0.0,-43000.0
Lithuania,150839505000,0.0259% ,53011,65%,0%,60%,4%,35%,13685264,2.66%,2889557,4.74,0.04%,0.0,0.0,272313.0,287844.0,41643.0,246201.0,2016,Tons ,,-272313.0,0.0,0.0,88251.0,88251.0,0.0,88251.0,2015,Million Cubic Ft,,-88251.0,12000000.0,10336.0,61612.0,182514.0,1012.0,181502.0,2016,Barrels,,-51276.0
Cambodia,168697663000,0.0290% ,10537,82%,59%,0%,23%,18%,6496958,7.68%,15766292,0.41,0.02%,0.0,0.0,1625907.0,1665854.0,0.0,1665854.0,2016,Tons ,,-1625907.0,0.0,0.0,0.0,0.0,0.0,,2015,Million Cubic Ft,,0.0,0.0,0.0,48000.0,0.0,0.0,,2016,Barrels,0.0,-48000.0
Cameroon,147800591000,0.0254% ,6016,72%,49%,23%,0%,28%,9454331,2.21%,23926551,0.40,0.03%,0.0,0.0,0.0,0.0,0.0,,2016,Tons ,,0.0,4770000.0,90406.0,24014.0,0.0,0.0,,2015,Million Cubic Ft,0.0,66392.0,200000000.0,92469.0,40000.0,40950.0,81166.0,,2016,Barrels,40216.0,52469.0
Armenia,148536904000,0.0255% ,50441,70%,11%,59%,0%,30%,4597845,3.06%,2936143,1.57,0.01%,179676530.0,0.0,1323.0,1323.0,0.0,1323.0,2016,Tons ,,-1323.0,0.0,0.0,72396.0,72396.0,0.0,72396.0,2015,Million Cubic Ft,,-72396.0,0.0,0.0,6000.0,0.0,0.0,,2016,Barrels,0.0,-6000.0
Zambia,177977721000,0.0306% ,10560,38%,35%,0%,3%,62%,4230584,3.67%,16363458,0.26,0.01%,49603950.0,138946.0,183693.0,46205.0,1821.0,44384.0,2016,Tons ,,-44747.0,0.0,0.0,0.0,0.0,0.0,,2015,Million Cubic Ft,,0.0,0.0,170.0,22000.0,10250.0,0.0,10250.0,2016,Barrels,,-21830.0
Brunei ,176864953000,0.0304% ,416670,100%,18%,82%,0%,0%,7672127,3.54%,419800,18.28,0.02%,0.0,0.0,0.0,0.0,0.0,,2016,Tons ,,0.0,13800000.0,439672.0,122896.0,0.0,300884.0,,2015,Million Cubic Ft,300884.0,316776.0,1100000000.0,121034.0,16000.0,498.0,110245.0,,2016,Barrels,109747.0,105034.0
Honduras,171400051000,0.0294% ,18178,71%,70%,0%,0%,29%,9320279,2.25%,9270795,1.01,0.03%,0.0,0.0,180779.0,178535.0,0.0,178535.0,2016,Tons ,,-180779.0,0.0,0.0,0.0,0.0,0.0,,2015,Million Cubic Ft,,0.0,0.0,0.0,58000.0,0.0,0.0,,2016,Barrels,0.0,-58000.0
Afghanistan,144694375000,0.0248% ,3986,83%,47%,4%,32%,17%,9900004,7.13%,35383032,0.28,0.03%,72752460.0,1871722.0,1871722.0,0.0,0.0,,2016,Tons ,0.0,0.0,1750000.0,6675.0,5163.0,0.0,0.0,,2015,Million Cubic Ft,0.0,1512.0,0.0,0.0,35000.0,0.0,0.0,,2016,Barrels,0.0,-35000.0
Côte d'Ivoire,178773633000,0.0307% ,7316,95%,50%,46%,0%,5%,10056492,1.16%,23822714,0.42,0.03%,0.0,0.0,0.0,0.0,0.0,,2016,Tons ,,0.0,1000000.0,75645.0,72855.0,0.0,0.0,,2015,Million Cubic Ft,0.0,2790.0,100000000.0,50357.0,51000.0,50024.0,35965.0,14059.0,2016,Barrels,,-643.0
Luxembourg,183445565000,0.0315% ,309921,86%,68%,17%,1%,14%,10144632,3.45%,579264,17.51,0.03%,0.0,0.0,89198.0,89198.0,0.0,89198.0,2016,Tons ,,-89198.0,0.0,0.0,31113.0,30901.0,0.0,30901.0,2015,Million Cubic Ft,,-31113.0,0.0,0.0,56194.0,0.0,0.0,,2016,Barrels,0.0,-56194.0
Iceland,221449492000,0.0380% ,662243,21%,20%,0%,2%,79%,3923884,1.62%,332206,11.81,0.01%,0.0,0.0,136686.0,136686.0,0.0,136686.0,2016,Tons ,,-136686.0,0.0,0.0,0.0,0.0,0.0,,2015,Million Cubic Ft,,0.0,0.0,0.0,19090.0,0.0,0.0,,2016,Barrels,0.0,-19090.0
Mongolia,215493720000,0.0370% ,69206,96%,26%,0%,70%,4%,18574260,18.09%,3056364,6.08,0.05%,2777821200.0,39157027.0,8823724.0,875.0,28439598.0,,2016,Tons ,28438723.0,30333304.0,0.0,0.0,0.0,0.0,0.0,,2015,Million Cubic Ft,,0.0,0.0,23426.0,21000.0,71.0,21740.0,,2016,Barrels,21669.0,2426.0
Tajikistan,225261633000,0.0387% ,25367,32%,16%,0%,16%,68%,6049757,3.37%,8663579,0.70,0.02%,413366250.0,1500244.0,1511267.0,590.0,0.0,590.0,2016,Tons ,,-11023.0,200000.0,706.0,706.0,0.0,0.0,,2015,Million Cubic Ft,0.0,0.0,12000000.0,173.0,21000.0,6.0,69.0,,2016,Barrels,63.0,-20827.0
Gibraltar,192833000000,0.0331% ,5717297,100%,100%,0%,0%,0%,572708,3.53%,33737,16.98,0.00%,0.0,0.0,0.0,0.0,0.0,,2016,Tons ,,0.0,0.0,0.0,0.0,0.0,0.0,,2015,Million Cubic Ft,,0.0,0.0,0.0,75000.0,0.0,0.0,,2016,Barrels,0.0,-75000.0
Costa Rica,214062173000,0.0368% ,43245,52%,52%,0%,0%,48%,8328890,2.16%,4899345,1.70,0.02%,0.0,0.0,110.0,110.0,0.0,110.0,2016,Tons ,,-110.0,0.0,0.0,0.0,0.0,0.0,,2015,Million Cubic Ft,,0.0,0.0,1571.0,55000.0,0.0,0.0,,2016,Barrels,0.0,-53429.0
Latvia,187516006000,0.0322% ,96108,74%,49%,24%,1%,26%,8157157,3.41%,1974266,4.13,0.02%,0.0,0.0,67861.0,77853.0,9991.0,67861.0,2016,Tons ,,-67861.0,0.0,0.0,46792.0,46121.0,0.0,46121.0,2015,Million Cubic Ft,,-46792.0,0.0,1059.0,37694.0,0.0,0.0,,2016,Barrels,0.0,-36635.0
Uruguay,219406294000,0.0377% ,63843,46%,45%,1%,0%,54%,6508013,1.91%,3424129,1.90,0.02%,0.0,0.0,437.0,437.0,0.0,437.0,2016,Tons ,,-437.0,0.0,0.0,1989.0,1989.0,0.0,1989.0,2015,Million Cubic Ft,,-1989.0,0.0,2217.0,53000.0,35198.0,0.0,35198.0,2016,Barrels,,-50783.0
Kyrgyzstan,241995314000,0.0416% ,39096,48%,29%,3%,16%,52%,6941784,2.53%,6074330,1.14,0.02%,1070343010.0,2040376.0,2447128.0,853433.0,18049.0,835384.0,2016,Tons ,,-406752.0,200000.0,1059.0,6357.0,5650.0,0.0,5650.0,2015,Million Cubic Ft,,-5297.0,40000000.0,972.0,40000.0,227.0,145.0,82.0,2016,Barrels,,-39028.0
Georgia,246271262000,0.0423% ,61434,63%,25%,34%,3%,37%,8610414,2.94%,4015450,2.14,0.02%,221564310.0,326835.0,419462.0,114100.0,0.0,114100.0,2016,Tons ,,-92627.0,300000.0,353.0,84756.0,84403.0,0.0,84403.0,2015,Million Cubic Ft,,-84403.0,35000000.0,394.0,33000.0,853.0,2301.0,,2016,Barrels,1448.0,-32606.0
Puerto Rico,264498327000,0.0454% ,83605,99%,74%,18%,7%,1%,712758,1.71%,3283125,0.22,0.00%,0.0,0.0,1565871.0,1762572.0,0.0,1762572.0,2016,Tons ,,-1565871.0,0.0,0.0,55373.0,55373.0,0.0,55373.0,2015,Million Cubic Ft,,-55373.0,0.0,0.0,96746.0,0.0,0.0,,2016,Barrels,0.0,-96746.0
Bosnia and Herzegovina,251753830000,0.0432% ,75116,92%,28%,3%,61%,8%,25674120,0.86%,3386266,7.58,0.07%,2495629840.0,7167188.0,9466163.0,1505973.0,203927.0,1302045.0,2016,Tons ,,-2298976.0,0.0,0.0,7063.0,7063.0,0.0,7063.0,2015,Million Cubic Ft,,-7063.0,0.0,248.0,35000.0,18234.0,0.0,18234.0,2016,Barrels,,-34752.0
Ghana,273724117000,0.0470% ,9399,81%,64%,17%,0%,19%,14469986,3.54%,28481945,0.51,0.04%,0.0,0.0,17.0,17.0,0.0,17.0,2016,Tons ,,-17.0,800000.0,45203.0,44990.0,19736.0,0.0,19736.0,2015,Million Cubic Ft,,214.0,660000000.0,99114.0,88000.0,18636.0,73654.0,,2016,Barrels,55018.0,11114.0
Tanzania,287390572000,0.0493% ,5258,92%,49%,40%,3%,8%,9731560,2.50%,53049230,0.18,0.03%,296521390.0,304238.0,327861.0,84992.0,53522.0,31470.0,2016,Tons ,,-23623.0,230000.0,39200.0,38847.0,0.0,0.0,,2015,Million Cubic Ft,0.0,353.0,0.0,0.0,71999.0,0.0,0.0,,2016,Barrels,0.0,-71999.0
Kenya,322257801000,0.0553% ,6417,77%,73%,0%,3%,23%,16334919,3.60%,49051534,0.33,0.05%,0.0,0.0,537359.0,537359.0,0.0,537359.0,2016,Tons ,,-537359.0,0.0,0.0,0.0,0.0,0.0,,2015,Million Cubic Ft,,0.0,0.0,824.0,114000.0,2164.0,0.0,2164.0,2016,Barrels,,-113176.0
Guatemala,316468042000,0.0543% ,18709,75%,59%,0%,16%,25%,18539316,2.42%,16583076,1.12,0.05%,0.0,0.0,1751571.0,2416836.0,0.0,2416836.0,2016,Tons ,,-1751571.0,0.0,0.0,0.0,0.0,0.0,,2015,Million Cubic Ft,,0.0,83070000.0,12033.0,93000.0,2.0,9096.0,,2016,Barrels,9094.0,-80967.0
Slovenia,283912879000,0.0488% ,136734,65%,38%,11%,16%,35%,14722601,2.35%,2074210,7.10,0.04%,408957010.0,3691636.0,4143583.0,427692.0,2182.0,425510.0,2016,Tons ,,-451947.0,0.0,106.0,28817.0,28711.0,0.0,28711.0,2015,Million Cubic Ft,,-28711.0,0.0,5.0,52298.0,0.0,0.0,,2016,Barrels,0.0,-52293.0
Mozambique,287958923000,0.0494% ,10051,55%,30%,25%,0%,45%,5859171,2.22%,27829938,0.21,0.02%,1975339520.0,6818890.0,12125.0,4057.0,8325796.0,,2016,Tons ,8321738.0,6806764.0,100000000.0,201296.0,66922.0,0.0,134197.0,,2015,Million Cubic Ft,134197.0,134374.0,0.0,281.0,40000.0,0.0,461.0,,2016,Barrels,461.0,-39719.0
Croatia,350684597000,0.0602% ,83839,74%,43%,27%,4%,26%,19408194,3.02%,4208602,4.61,0.05%,0.0,0.0,1179627.0,1200571.0,0.0,1200571.0,2016,Tons ,,-1179627.0,880000.0,64591.0,72537.0,37858.0,12961.0,24897.0,2015,Million Cubic Ft,,-7946.0,71000000.0,18528.0,69000.0,50268.0,0.0,50268.0,2016,Barrels,,-50472.0
Dominican Republic,340462946000,0.0585% ,32385,92%,72%,13%,8%,8%,23466740,2.88%,10397741,2.26,0.07%,0.0,0.0,1215242.0,1237894.0,0.0,1237894.0,2016,Tons ,,-1215242.0,0.0,0.0,39129.0,39129.0,0.0,39129.0,2015,Million Cubic Ft,,-39129.0,0.0,-116.0,133000.0,18204.0,0.0,18204.0,2016,Barrels,,-133116.0
Ethiopia,323534822000,0.0556% ,3041,61%,57%,0%,4%,39%,10438855,4.03%,103603462,0.10,0.03%,0.0,31416.0,539255.0,629357.0,0.0,629357.0,2016,Tons ,,-507839.0,880000.0,0.0,0.0,0.0,0.0,,2015,Million Cubic Ft,,0.0,428000.0,354.0,74000.0,0.0,0.0,,2016,Barrels,0.0,-73646.0
Bolivia,343353846000,0.0590% ,30676,93%,59%,34%,0%,7%,19463728,2.03%,11031814,1.76,0.05%,1102310.0,0.0,0.0,0.0,0.0,,2016,Tons ,,0.0,10450000.0,741615.0,95351.0,0.0,621544.0,,2015,Million Cubic Ft,621544.0,646265.0,211450000.0,77635.0,90000.0,0.0,4260.0,,2016,Barrels,4260.0,-12365.0
Lebanon,375787371000,0.0645% ,55106,99%,98%,0%,1%,1%,21863288,1.95%,6714281,3.26,0.06%,0.0,0.0,135976.0,135976.0,0.0,135976.0,2016,Tons ,,-135976.0,0.0,0.0,0.0,0.0,0.0,,2015,Million Cubic Ft,,0.0,0.0,0.0,153000.0,2.0,0.0,2.0,2016,Barrels,,-153000.0
North Korea,330338632000,0.0567% ,12990,67%,12%,0%,55%,33%,58708734,19.49%,25307665,2.32,0.16%,661386000.0,34237749.0,10707839.0,1731596.0,24825709.0,,2016,Tons ,23094114.0,23529909.0,0.0,0.0,0.0,0.0,0.0,,2015,Million Cubic Ft,,0.0,0.0,137.0,18000.0,10684.0,0.0,10684.0,2016,Barrels,,-17863.0
Sudan,368304194000,0.0632% ,9024,77%,77%,0%,0%,23%,13294106,4.18%,39847439,0.33,0.04%,0.0,0.0,0.0,0.0,0.0,,2016,Tons ,,0.0,3000000.0,0.0,0.0,0.0,0.0,,2015,Million Cubic Ft,,0.0,5000000000.0,107853.0,140000.0,0.0,22315.0,,2016,Barrels,22315.0,-32147.0
Angola,362803130000,0.0623% ,12168,80%,72%,8%,0%,20%,30566933,3.13%,28842489,1.06,0.09%,0.0,0.0,0.0,0.0,0.0,,2016,Tons ,,0.0,9711000.0,372255.0,27298.0,0.0,0.0,,2015,Million Cubic Ft,0.0,344957.0,8423000000.0,1796743.0,133000.0,0.0,1681354.0,,2016,Barrels,1681354.0,1663743.0
Syria,394608300000,0.0678% ,23082,99%,63%,35%,0%,1%,38054696,1.78%,17465575,2.18,0.11%,0.0,0.0,5526.0,5526.0,0.0,5526.0,2016,Tons ,,-5526.0,8500000.0,218953.0,151855.0,0.0,0.0,,2015,Million Cubic Ft,0.0,67099.0,2500000000.0,34602.0,140000.0,0.0,0.0,,2016,Barrels,0.0,-105398.0
Sri Lanka,383419865000,0.0658% ,18147,89%,73%,0%,16%,11%,18454691,8.55%,21021171,0.88,0.05%,0.0,0.0,2295009.0,2580799.0,0.0,2580799.0,2016,Tons ,,-2295009.0,0.0,0.0,0.0,0.0,0.0,,2015,Million Cubic Ft,,0.0,0.0,-320.0,127000.0,31960.0,0.0,31960.0,2016,Barrels,,-127320.0
Panama,439309187000,0.0754% ,106972,84%,82%,0%,2%,16%,11599764,2.37%,4037078,2.87,0.03%,0.0,0.0,330693.0,336706.0,0.0,336706.0,2016,Tons ,,-330693.0,0.0,0.0,0.0,0.0,0.0,,2015,Million Cubic Ft,,0.0,0.0,446.0,155000.0,0.0,0.0,,2016,Barrels,0.0,-154554.0
Paraguay,518686518000,0.0891% ,75533,23%,23%,0%,0%,77%,5998469,1.97%,6777872,0.89,0.02%,0.0,0.0,1680.0,1680.0,0.0,1680.0,2016,Tons ,,-1680.0,0.0,0.0,0.0,0.0,0.0,,2015,Million Cubic Ft,,0.0,0.0,4174.0,51000.0,0.0,0.0,,2016,Barrels,0.0,-46826.0
Jordan,431068663000,0.0740% ,44050,97%,60%,36%,1%,3%,22772370,1.83%,9554286,2.38,0.06%,0.0,0.0,242508.0,224734.0,0.0,224734.0,2016,Tons ,,-242508.0,213000.0,5333.0,102308.0,96975.0,0.0,96975.0,2015,Million Cubic Ft,,-96975.0,1000000.0,403.0,114000.0,59567.0,0.0,59567.0,2016,Barrels,,-113597.0
Tunisia,408467388000,0.0701% ,35726,99%,51%,48%,0%,1%,29395965,0.82%,11303945,2.60,0.08%,0.0,0.0,2259.0,2259.0,0.0,2259.0,2016,Tons ,,-2259.0,2300000.0,87405.0,160507.0,104886.0,0.0,104886.0,2015,Million Cubic Ft,,-73102.0,425000000.0,41634.0,97000.0,17769.0,34478.0,,2016,Barrels,16709.0,-55366.0
Myanmar,518785351000,0.0891% ,9718,79%,45%,32%,1%,21%,16701776,5.61%,53045201,0.31,0.05%,6613860.0,606271.0,536770.0,381094.0,40015.0,341079.0,2016,Tons ,,69501.0,10000000.0,648030.0,126781.0,0.0,491232.0,,2015,Million Cubic Ft,491232.0,521249.0,50000000.0,15634.0,123000.0,0.0,2702.0,,2016,Barrels,2702.0,-107366.0
Cuba,401492995000,0.0689% ,35407,98%,88%,10%,0%,2%,30389116,1.65%,11335104,2.68,0.08%,0.0,0.0,2066.0,2066.0,0.0,2066.0,2016,Tons ,,-2066.0,2500000.0,48382.0,44144.0,0.0,0.0,,2015,Million Cubic Ft,0.0,4238.0,124000000.0,49737.0,153000.0,105396.0,0.0,105396.0,2016,Barrels,,-103263.0
Laos,405305758000,0.0696% ,58292,76%,9%,0%,66%,24%,4531276,7.92%,6845846,0.66,0.01%,554461930.0,5330918.0,5247934.0,8732.0,24000.0,,2016,Tons ,15268.0,82984.0,0.0,0.0,0.0,0.0,0.0,,2015,Million Cubic Ft,,0.0,0.0,0.0,18000.0,0.0,0.0,,2016,Barrels,0.0,-18000.0
Ireland,638610418000,0.1097% ,134352,87%,50%,31%,7%,13%,39086565,5.09%,4695779,8.32,0.11%,15432340.0,0.0,2474686.0,2107617.0,11326.0,2096291.0,2016,Tons ,,-2474686.0,350000.0,4662.0,153762.0,149524.0,0.0,149524.0,2015,Million Cubic Ft,,-149100.0,0.0,283.0,152404.0,64377.0,0.0,64377.0,2016,Barrels,,-152121.0
Libya,571901291000,0.0982% ,86906,100%,71%,29%,0%,0%,52696075,1.52%,6492162,8.12,0.15%,0.0,0.0,0.0,0.0,0.0,,2016,Tons ,,0.0,53183000.0,591526.0,158564.0,0.0,251090.0,,2015,Million Cubic Ft,251090.0,432962.0,48363000000.0,499397.0,223000.0,0.0,238501.0,,2016,Barrels,238501.0,276397.0
Azerbaijan,594082525000,0.1020% ,60342,98%,33%,64%,0%,2%,33614235,-0.41%,9736043,3.45,0.09%,0.0,0.0,178.0,178.0,0.0,178.0,2016,Tons ,,-178.0,35000000.0,963746.0,384227.0,7063.0,258506.0,,2015,Million Cubic Ft,251443.0,579519.0,7000000000.0,843546.0,96000.0,3948.0,658577.0,,2016,Barrels,654629.0,747546.0
Ecuador,714684386000,0.1227% ,42578,74%,71%,2%,0%,26%,40065690,-4.85%,16491116,2.43,0.11%,26455440.0,0.0,13555.0,14113.0,0.0,14113.0,2016,Tons ,,-13555.0,212000.0,59223.0,17552.0,0.0,0.0,,2015,Million Cubic Ft,0.0,41672.0,8273000000.0,548379.0,259000.0,0.0,414675.0,,2016,Barrels,414675.0,289379.0
Morocco,819433637000,0.1407% ,23030,92%,70%,6%,17%,8%,57694464,0.54%,35126283,1.64,0.16%,15432340.0,0.0,7153992.0,7410681.0,0.0,7410681.0,2016,Tons ,,-7153992.0,51000.0,4026.0,42978.0,39800.0,0.0,39800.0,2015,Million Cubic Ft,,-38952.0,684000.0,160.0,275000.0,67713.0,0.0,67713.0,2016,Barrels,,-274840.0
Bulgaria,774428141000,0.1330% ,109037,74%,25%,16%,33%,26%,50872910,-6.00%,7151953,7.11,0.14%,2608065460.0,34426244.0,35234237.0,867423.0,46411.0,821012.0,2016,Tons ,,-807993.0,200000.0,3685.0,111291.0,108044.0,0.0,108044.0,2015,Million Cubic Ft,,-107606.0,15000000.0,5339.0,97000.0,125642.0,0.0,125642.0,2016,Barrels,,-91661.0
Slovakia,726428917000,0.1247% ,133341,66%,24%,24%,18%,34%,36817242,1.74%,5442003,6.77,0.10%,148811850.0,2035967.0,6708667.0,4526820.0,0.0,4526820.0,2016,Tons ,,-4672700.0,500000.0,3496.0,163826.0,155633.0,0.0,155633.0,2015,Million Cubic Ft,,-160330.0,9000000.0,12541.0,81587.0,117296.0,141.0,117155.0,2016,Barrels,,-69046.0
Denmark,737324404000,0.1266% ,128627,70%,44%,17%,8%,30%,38007645,5.23%,5711349,6.65,0.11%,0.0,0.0,3985953.0,3181267.0,23149.0,3158118.0,2016,Tons ,,-3985953.0,1210000.0,166440.0,112867.0,23237.0,77410.0,,2015,Million Cubic Ft,54173.0,53573.0,551000000.0,145674.0,158194.0,77224.0,78070.0,,2016,Barrels,846.0,-12520.0
New Zealand,902498142000,0.1550% ,191938,64%,38%,21%,5%,36%,33276202,-0.14%,4659265,7.14,0.09%,8349998250.0,3159906.0,2765590.0,499657.0,1308589.0,,2016,Tons ,808931.0,394316.0,1361000.0,181448.0,178694.0,0.0,0.0,,2015,Million Cubic Ft,0.0,2755.0,64100000.0,43907.0,166913.0,108214.0,31474.0,76740.0,2016,Barrels,,-123006.0
Trinidad and Tobago,903828800000,0.1552% ,653028,100%,13%,87%,0%,0%,34974263,-5.92%,1377560,25.39,0.10%,0.0,0.0,198.0,198.0,0.0,198.0,2016,Tons ,,-198.0,12240000.0,1481288.0,841804.0,0.0,546818.0,,2015,Million Cubic Ft,546818.0,639484.0,728300000.0,97726.0,57000.0,54579.0,23196.0,31383.0,2016,Barrels,,40726.0
Serbia,642180713000,0.1103% ,72730,83%,19%,15%,50%,17%,41168059,2.27%,8853963,4.65,0.12%,8282757340.0,42372796.0,43189608.0,567654.0,72752.0,494901.0,2016,Tons ,,-816812.0,1700000.0,22248.0,76987.0,55798.0,0.0,55798.0,2015,Million Cubic Ft,,-54738.0,77500000.0,23150.0,74000.0,44283.0,0.0,44283.0,2016,Barrels,,-50850.0
Bahrain,719864742000,0.1236% ,481813,100%,18%,82%,0%,0%,24458384,2.50%,1425792,17.15,0.07%,0.0,0.0,0.0,0.0,0.0,,2016,Tons ,,0.0,3250000.0,727489.0,547383.0,0.0,0.0,,2015,Million Cubic Ft,0.0,180107.0,124560000.0,63886.0,62000.0,212417.0,154691.0,57726.0,2016,Barrels,,1886.0
Israel,1054812660000,0.18112% ,127951,100%,46%,34%,19%,0%,65201588,-0.38%,8108985,8.04,0.18%,0.0,0.0,10167720.0,9694828.0,0.0,9694828.0,2016,Tons ,,-10167720.0,7027000.0,333020.0,305828.0,5650.0,0.0,5650.0,2015,Million Cubic Ft,,27193.0,13953000.0,5977.0,236249.0,217657.0,0.0,217657.0,2016,Barrels,,-230272.0
Hungary,1042247455000,0.17897% ,107119,78%,33%,36%,10%,22%,51018899,2.16%,9752975,5.23,0.14%,3206619790.0,10158889.0,11663542.0,1721808.0,232587.0,1489221.0,2016,Tons ,,-1504653.0,304000.0,62578.0,332950.0,239789.0,19247.0,220542.0,2015,Million Cubic Ft,,-270372.0,28600000.0,36018.0,155544.0,121061.0,1148.0,119913.0,2016,Barrels,,-119525.0
Belarus,961313106000,0.1651% ,101724,98%,29%,67%,1%,2%,62655669,4.90%,9445643,6.63,0.18%,0.0,0.0,681228.0,781246.0,40317.0,740928.0,2016,Tons ,,-681228.0,100000.0,8440.0,612009.0,610950.0,0.0,610950.0,2015,Million Cubic Ft,,-603569.0,198000000.0,32584.0,137000.0,370157.0,32332.0,337825.0,2016,Barrels,,-104416.0
Hong Kong,1322087609000,0.22702% ,180951,97%,67%,9%,20%,3%,47066386,1.23%,7243542,6.50,0.13%,0.0,0.0,12303073.0,12303073.0,0.0,12303073.0,2016,Tons ,,-12303073.0,0.0,0.0,114527.0,114527.0,0.0,114527.0,2015,Million Cubic Ft,,-114527.0,0.0,100.0,408491.0,0.0,0.0,,2016,Barrels,0.0,-408391.0
Greece,1161715086000,0.19948% ,109913,87%,54%,16%,17%,13%,67840662,-3.47%,10615185,6.39,0.19%,3170243560.0,35977194.0,38077094.0,343921.0,0.0,343921.0,2016,Tons ,,-2099901.0,35000.0,141.0,110818.0,111666.0,0.0,111666.0,2015,Million Cubic Ft,,-110677.0,10000000.0,15748.0,296101.0,472485.0,3141.0,469344.0,2016,Barrels,,-280353.0
Oman,1140750863000,0.19588% ,244485,100%,30%,69%,0%,0%,87835773,2.09%,4479219,19.61,0.25%,0.0,0.0,94990.0,94990.0,0.0,94990.0,2016,Tons ,,-94990.0,24910000.0,1335613.0,774105.0,70277.0,353150.0,,2015,Million Cubic Ft,282873.0,561509.0,5306000000.0,1015512.0,183000.0,0.0,887500.0,,2016,Barrels,887500.0,832512.0
Portugal,1077120037000,0.18496% ,104691,82%,47%,22%,12%,18%,50142844,-2.36%,10325538,4.86,0.14%,39683160.0,0.0,5290177.0,5423748.0,0.0,5423748.0,2016,Tons ,,-5290177.0,0.0,0.0,168311.0,166440.0,0.0,166440.0,2015,Million Cubic Ft,,-168311.0,0.0,12932.0,236866.0,274442.0,0.0,274442.0,2016,Barrels,,-223934.0
Finland,1227851414000,0.21084% ,222785,52%,36%,7%,9%,48%,51183960,3.62%,5497713,9.31,0.14%,0.0,0.0,5310769.0,4305091.0,0.0,4305091.0,2016,Tons ,,-5310769.0,0.0,0.0,96269.0,95810.0,0.0,95810.0,2015,Million Cubic Ft,,-96269.0,0.0,12582.0,210030.0,226517.0,0.0,226517.0,2016,Barrels,,-197448.0
Peru,1118522631000,0.19206% ,35572,74%,45%,28%,1%,26%,57692879,8.16%,30926032,1.87,0.16%,112435620.0,493173.0,1267657.0,645315.0,148047.0,497268.0,2016,Tons ,,-774483.0,15047000.0,611656.0,275104.0,0.0,170571.0,,2015,Million Cubic Ft,170571.0,336552.0,682681000.0,141448.0,246000.0,107686.0,3471.0,104215.0,2016,Barrels,,-104552.0
Switzerland,1171749700000,0.20120% ,138573,51%,39%,11%,0%,49%,39666930,-2.30%,8379917,4.73,0.11%,0.0,0.0,199518.0,199394.0,0.0,199394.0,2016,Tons ,,-199518.0,0.0,0.0,123920.0,123037.0,0.0,123037.0,2015,Million Cubic Ft,,-123920.0,0.0,1496.0,228194.0,59041.0,322.0,58719.0,2016,Barrels,,-226698.0
Nigeria,1540259766000,0.26448% ,8070,97%,55%,41%,0%,3%,82634214,0.70%,185960241,0.44,0.23%,379194640.0,50706.0,193330.0,469315.0,0.0,469315.0,2016,Tons ,,-142623.0,180490000.0,3009650.0,664628.0,0.0,929844.0,,2015,Million Cubic Ft,929844.0,2345022.0,37070000000.0,1938543.0,428000.0,0.0,1654739.0,,2016,Barrels,1654739.0,1510543.0
Austria,1501633374000,0.25785% ,170255,66%,37%,23%,6%,34%,73764112,1.54%,8747301,8.43,0.21%,0.0,0.0,3886745.0,3775836.0,0.0,3775836.0,2016,Tons ,,-3886745.0,301000.0,44603.0,295622.0,405381.0,190948.0,214433.0,2015,Million Cubic Ft,,-251019.0,45400000.0,29415.0,262352.0,147702.0,0.0,147702.0,2016,Barrels,,-232937.0
Chile,1496140520000,0.25691% ,81002,79%,48%,13%,19%,21%,81258525,5.33%,18209068,4.46,0.23%,1301828110.0,2783333.0,14077601.0,12925238.0,959500.0,11965738.0,2016,Tons ,,-11294268.0,3460000.0,38564.0,155103.0,131619.0,0.0,131619.0,2015,Million Cubic Ft,,-116540.0,150000000.0,12858.0,351989.0,157867.0,0.0,157867.0,2016,Barrels,,-339131.0
Romania,1411400168000,0.24236% ,71812,75%,30%,29%,15%,25%,78770824,1.69%,19796285,3.98,0.22%,320772210.0,25344312.0,26886239.0,1115001.0,14598.0,1100403.0,2016,Tons ,,-1541927.0,3725000.0,402591.0,387406.0,6004.0,0.0,6004.0,2015,Million Cubic Ft,,15185.0,600000000.0,96470.0,200000.0,149365.0,937.0,148428.0,2016,Barrels,,-103530.0
Bangladesh,1417359711000,0.24338% ,8876,99%,19%,77%,4%,1%,74476230,4.50%,157977153,0.47,0.21%,322976830.0,995386.0,2099900.0,3128923.0,0.0,3128923.0,2016,Tons ,,-1104514.0,8500000.0,948609.0,948609.0,0.0,0.0,,2015,Million Cubic Ft,0.0,0.0,28000000.0,4105.0,113000.0,23554.0,0.0,23554.0,2016,Barrels,,-108895.0
Uzbekistan,1798254680000,0.30878% ,56266,96%,6%,86%,4%,4%,109347340,1.60%,31441751,3.48,0.31%,1515676250.0,4793946.0,4770798.0,49605.0,60.0,49545.0,2016,Tons ,,23149.0,65000000.0,2037676.0,1700417.0,0.0,266628.0,,2015,Million Cubic Ft,266628.0,337258.0,594000000.0,71471.0,49000.0,3678.0,0.0,3678.0,2016,Barrels,,22471.0
Colombia,1660776722000,0.28518% ,33956,72%,41%,20%,11%,28%,77667594,-0.84%,48175052,1.61,0.22%,5380375110.0,99772271.0,11385457.0,454.0,91881474.0,,2016,Tons ,91881020.0,88386814.0,5508000.0,979285.0,406476.0,0.0,14126.0,,2015,Million Cubic Ft,14126.0,572809.0,2308000000.0,911892.0,357000.0,27118.0,744525.0,,2016,Barrels,717407.0,554892.0
Czech Republic (Czechia),1751291794000,0.30072% ,164579,81%,25%,18%,38%,19%,111825428,1.39%,10618857,10.53,0.31%,4012408400.0,49949032.0,49418772.0,4077420.0,4815997.0,,2016,Tons ,738577.0,530261.0,140000.0,8723.0,277858.0,263944.0,0.0,263944.0,2015,Million Cubic Ft,,-269136.0,15000000.0,15586.0,179956.0,107227.0,564.0,106663.0,2016,Barrels,,-164370.0
Kuwait,1591008895000,0.27320% ,392251,100%,49%,50%,0%,0%,101492225,1.36%,3956875,25.65,0.28%,0.0,0.0,387109.0,387109.0,0.0,387109.0,2016,Tons ,,-387109.0,63500000.0,604981.0,738401.0,141260.0,0.0,141260.0,2015,Million Cubic Ft,,-133420.0,101500000000.0,2990544.0,359000.0,0.0,2128190.0,,2016,Barrels,2128190.0,2631544.0
Turkmenistan,1747505385000,0.30007% ,303509,100%,17%,83%,0%,0%,79279216,0.63%,5662368,14.00,0.22%,0.0,0.0,0.0,0.0,0.0,,2016,Tons ,,0.0,265000000.0,2910380.0,1407727.0,0.0,1423195.0,,2015,Million Cubic Ft,1423195.0,1502653.0,600000000.0,266427.0,149000.0,0.0,68857.0,,2016,Barrels,68857.0,117427.0
Venezuela,2492568948000,0.42801% ,84774,76%,39%,37%,0%,24%,175884256,-1.90%,29851255,5.89,0.49%,805788610.0,825630.0,180696.0,36935.0,639340.0,,2016,Tons ,602404.0,644934.0,197087000.0,2832122.0,935953.0,17658.0,0.0,17658.0,2015,Million Cubic Ft,,1896168.0,299953000000.0,2355424.0,598000.0,0.0,1725049.0,,2016,Barrels,1725049.0,1757424.0
Sweden,2218710262000,0.38098% ,224001,34%,30%,1%,3%,66%,44694415,4.33%,9836007,4.54,0.13%,1102310.0,0.0,2857191.0,3349995.0,0.0,3349995.0,2016,Tons ,,-2857191.0,0.0,0.0,34044.0,28676.0,0.0,28676.0,2015,Million Cubic Ft,,-34044.0,0.0,12411.0,322109.0,396510.0,0.0,396510.0,2016,Barrels,,-309698.0
Qatar,2159502542000,0.37081% ,792557,100%,27%,72%,0%,0%,98990085,1.79%,2654374,37.29,0.28%,0.0,0.0,0.0,0.0,0.0,,2016,Tons ,,0.0,871585000.0,6000937.0,1418356.0,0.0,4375175.0,,2015,Million Cubic Ft,4375175.0,4582580.0,25244000000.0,1987193.0,172000.0,0.0,503415.0,,2016,Barrels,503415.0,1815193.0
Iraq,1865888786000,0.32040% ,49687,97%,92%,5%,0%,3%,162646160,1.22%,36610632,4.44,0.45%,0.0,0.0,0.0,0.0,0.0,,2016,Tons ,,0.0,111522000.0,885029.0,35386.0,0.0,0.0,,2015,Million Cubic Ft,0.0,849644.0,143069000000.0,4443457.0,857000.0,1.0,3576637.0,,2016,Barrels,3576636.0,3586457.0
Philippines,1832128988000,0.31460% ,17420,88%,47%,6%,36%,12%,126922662,12.37%,103663816,1.22,0.35%,348329960.0,13323621.0,22372484.0,22079269.0,7533187.0,14546083.0,2016,Tons ,,-9048863.0,3480000.0,108770.0,91819.0,0.0,0.0,,2015,Million Cubic Ft,0.0,16951.0,138500000.0,33258.0,429000.0,236907.0,14774.0,222133.0,2016,Barrels,,-395742.0
Algeria,2398447784000,0.41184% ,57949,99%,35%,65%,0%,1%,156220560,0.17%,40551392,3.85,0.44%,65036290.0,0.0,27321.0,27321.0,0.0,27321.0,2016,Tons ,,-27321.0,159054000.0,6491745.0,1399216.0,0.0,1533342.0,,2015,Million Cubic Ft,1533342.0,5092529.0,12200000000.0,1698786.0,429000.0,139.0,633800.0,,2016,Barrels,633661.0,1269786.0
Belgium,2684685429000,0.46100% ,235091,78%,51%,23%,4%,22%,94722813,1.53%,11354420,8.34,0.26%,0.0,0.0,4035557.0,3872415.0,72752.0,3799663.0,2016,Tons ,,-4035557.0,0.0,0.0,605158.0,664381.0,59824.0,604557.0,2015,Million Cubic Ft,,-605158.0,0.0,24423.0,631522.0,641794.0,0.0,641794.0,2016,Barrels,,-607099.0
Norway,1901374555000,0.32649% ,358999,32%,23%,8%,1%,68%,43456012,0.85%,5250949,8.28,0.12%,1102310.0,901690.0,824528.0,727525.0,1005307.0,,2016,Tons ,277782.0,77162.0,72358000.0,5763408.0,184697.0,0.0,3954221.0,,2015,Million Cubic Ft,3954221.0,5578711.0,5138767000.0,2003748.0,204090.0,9927.0,1394501.0,,2016,Barrels,1384574.0,1799657.0
Pakistan,3183442105000,0.54664% ,15312,87%,37%,43%,7%,13%,178013820,9.13%,203631353,0.87,0.50%,3377477840.0,4506243.0,10199674.0,7107758.0,120.0,7107638.0,2016,Tons ,,-5693431.0,24700000.0,1454978.0,1436261.0,48382.0,0.0,48382.0,2015,Million Cubic Ft,,18717.0,353500000.0,88262.0,556000.0,140097.0,4896.0,135201.0,2016,Barrels,,-467738.0
Vietnam,3242513713000,0.55678% ,34276,80%,28%,9%,43%,20%,206042140,0.09%,93640422,2.20,0.58%,3703761600.0,42468697.0,56641097.0,14693792.0,1546342.0,13147450.0,2016,Tons ,,-14172400.0,24700000.0,365157.0,320660.0,0.0,0.0,,2015,Million Cubic Ft,0.0,44497.0,4400000000.0,313633.0,478000.0,8712.0,157615.0,,2016,Barrels,148903.0,-164367.0
Italy,6771608308000,1.16277% ,111607,84%,37%,40%,6%,16%,358139550,0.84%,60663060,5.90,1.00%,18739270.0,0.0,18787634.0,18418223.0,81080.0,18337143.0,2016,Tons ,,-18787634.0,1985000.0,239118.0,2384575.0,2163609.0,7805.0,2155804.0,2015,Million Cubic Ft,,-2145457.0,579232000.0,150147.0,1236628.0,1217209.0,16717.0,1200492.0,2016,Barrels,,-1086482.0
Indonesia,7158688937000,1.22924% ,27050,96%,45%,23%,28%,4%,530035650,6.41%,261556381,2.03,1.48%,24910001380.0,502653360.0,102623737.0,3929046.0,406630277.0,,2016,Tons ,402701230.0,400029623.0,103350000.0,3143035.0,1501241.0,0.0,1069691.0,,2015,Million Cubic Ft,1069691.0,1641794.0,3692500000.0,945637.0,1623000.0,398645.0,336816.0,61829.0,2016,Barrels,,-677363.0
United Kingdom,8190849783000,1.40647% ,122751,80%,39%,36%,5%,20%,367860350,-6.38%,66297944,5.55,1.03%,77000000.0,4605231.0,41459830.0,9362712.0,489094.0,8873619.0,2016,Tons ,,-36854599.0,8502000.0,1675238.0,2543775.0,1571623.0,502285.0,1069338.0,2015,Million Cubic Ft,,-868537.0,2754685000.0,1083928.0,1583896.0,797631.0,620188.0,177443.0,2016,Barrels,,-499968.0
Mexico,7868848622000,1.35118% ,63063,92%,50%,36%,6%,8%,441412750,-2.13%,123333376,3.58,1.23%,1334897410.0,13852746.0,22478332.0,9127352.0,2864.0,9124488.0,2016,Tons ,,-8625586.0,16549000.0,2336370.0,2756000.0,1287973.0,1095.0,1286879.0,2015,Million Cubic Ft,,-419630.0,9711000000.0,2484355.0,2052607.0,0.0,1236469.0,,2016,Barrels,1236469.0,431748.0
Saudi Arabia,10997456810000,1.9% ,332238,100%,63%,37%,0%,0%,517079407,0.92%,32443447,15.94,1.45%,0.0,0.0,122987.0,123384.0,397.0,122987.0,2016,Tons ,,-122987.0,294205000.0,4231796.0,3614137.0,0.0,0.0,,2015,Million Cubic Ft,0.0,617659.0,266578000000.0,12402761.0,3302000.0,1.0,7333557.0,,2016,Barrels,7333556.0,9100761.0
Brazil,12566399560000,2.2% ,60464,64%,48%,10%,5%,36%,462994920,-6.08%,206163053,2.25,1.29%,7270836760.0,7721682.0,27275972.0,24291988.0,1706.0,24290282.0,2016,Tons ,,-19554290.0,16172000.0,1238144.0,1391058.0,670279.0,66.0,670213.0,2015,Million Cubic Ft,,-152914.0,16184100000.0,3242958.0,2984000.0,177352.0,832473.0,,2016,Barrels,655121.0,258958.0
France,10241662730000,1.8% ,157947,54%,34%,16%,4%,46%,331533320,2.11%,64667596,5.13,0.93%,0.0,0.0,12900349.0,14325675.0,0.0,14325675.0,2016,Tons ,,-12900349.0,314000.0,742.0,1342959.0,1567386.0,191372.0,1376014.0,2015,Million Cubic Ft,,-1342217.0,78431000.0,133014.0,1705568.0,1092170.0,805.0,1091365.0,2016,Barrels,,-1572554.0
South Korea,12659085870000,2.2% ,247749,88%,44%,15%,28%,12%,604043830,0.45%,50983457,11.85,1.69%,359353060.0,1902589.0,157124159.0,140976631.0,0.0,140976631.0,2016,Tons ,,-155221569.0,250000.0,6639.0,1565231.0,1533730.0,0.0,1533730.0,2015,Million Cubic Ft,,-1558592.0,0.0,108419.0,2605440.0,2946047.0,0.0,2946047.0,2016,Barrels,,-2497021.0
Iran,11599267500000,2.0% ,143780,98%,31%,67%,0%,2%,642560030,2.22%,79563989,8.08,1.80%,1326078930.0,1395157.0,1472686.0,297737.0,224537.0,73200.0,2016,Tons ,,-77529.0,1201382000.0,9097956.0,6567636.0,337258.0,295940.0,41319.0,2015,Million Cubic Ft,,2530320.0,157530000000.0,4376194.0,1803999.0,0.0,1896823.0,,2016,Barrels,1896823.0,2572195.0
Germany,14062539590000,2.4% ,170128,81%,36%,24%,21%,19%,775752190,1.28%,82193768,9.44,2.17%,39802209480.0,193593194.0,257488593.0,63694779.0,306442.0,63388337.0,2016,Tons ,,-63895399.0,2048000.0,337258.0,2872840.0,3620388.0,1147949.0,2472438.0,2015,Million Cubic Ft,,-2535582.0,132480000.0,211888.0,2383393.0,1837305.0,2034.0,1835271.0,2016,Barrels,,-2171505.0
Canada,15062124200000,2.6% ,410054,68%,33%,31%,4%,32%,675918610,-1.00%,36382944,18.58,1.89%,7255404420.0,67605855.0,42907417.0,6962137.0,33434695.0,,2016,Tons ,26472558.0,24698438.0,71794000.0,6751698.0,4053420.0,693092.0,2763505.0,,2015,Million Cubic Ft,2070413.0,2698278.0,170863000000.0,4596725.0,2486301.0,891104.0,2749676.0,,2016,Barrels,1858572.0,2110424.0
Russia,32832743720000,5.6% ,225608,89%,22%,52%,15%,11%,1661899300,-2.13%,145275383,11.44,4.65%,176770840800.0,423095348.0,230392143.0,24331105.0,181506237.0,,2016,Tons ,157175131.0,192703205.0,1688228000.0,22728734.0,15538247.0,557977.0,6550933.0,,2015,Million Cubic Ft,5992956.0,7190487.0,80000000000.0,11262746.0,3631287.0,15047.0,5113524.0,,2016,Barrels,5098477.0,7631459.0
United States,97661161460000,16.8% ,300418,81%,38%,29%,14%,19%,5011686600,-2.01%,323015995,15.52,14.02%,254197000000.0,728364498.0,731071000.0,9849735.0,60271017.0,,2016,Tons ,50421282.0,-2706502.0,368704000.0,32914647.0,27243858.0,2718094.0,1783512.0,934582.0,2015,Million Cubic Ft,,5670789.0,35230000000.0,14837640.0,19687287.0,7850000.0,591000.0,7259000.0,2016,Barrels,,-4849647.0
Japan,19402928820000,3.3% ,152177,90%,40%,25%,24%,10%,1239592060,-1.21%,127763265,9.70,3.47%,385808500.0,1353637.0,210559949.0,209164774.0,2626.0,209162148.0,2016,Tons ,,-209206313.0,738000.0,99836.0,4364157.0,4160849.0,0.0,4160849.0,2015,Million Cubic Ft,,-4264322.0,44115000.0,123525.0,4012877.0,3146668.0,0.0,3146668.0,2016,Barrels,,-3889352.0
India,30476788610000,5.2% ,22766,91%,29%,7%,55%,9%,2533638100,4.71%,1324517249,1.91,7.09%,107726551700.0,761662038.0,966288693.0,215789801.0,1018312.0,214771489.0,2016,Tons ,,-204626654.0,50398000.0,1133364.0,1753143.0,659331.0,9535.0,649796.0,2015,Million Cubic Ft,,-619778.0,4728790000.0,1016371.0,4443000.0,4255300.0,5.0,4255295.0,2016,Barrels,,-3426629.0
Antigua and Barbuda,10605278000,0.00182% ,111136,97%,97%,0%,0%,3%,438763,1.51%,94527,4.64,0.00%,,,,,,,,,,,,,,,,,,,,,,,,,,,,,,
South Sudan,,,,,,,,,4038496,4.18%,10832518,0.37,0.01%,,,,,,,,,,,,,,,,,,,,,,,,,,,,,,
Palau,,,,,,,,,41732,7.19%,17725,2.35,0.00%,,,,,,,,,,,,,,,,,,,,,,,,,,,,,,
Anguilla,,,,,,,,,30262,1.52%,14429,2.10,0.00%,,,,,,,,,,,,,,,,,,,,,,,,,,,,,,
Saint Helena,,,,,,,,,13128,2.62%,5956,2.20,0.00%,,,,,,,,,,,,,,,,,,,,,,,,,,,,,,
